category,current,height,name,city,state,multi,main,latitude,longitude,abandoned,is.completed,completed.year,air.traffic.control.tower,belltower,bridge,casino,commercial,education,exhibition,floors.above,government,hospital,hotel,industrial,library,museum,observation,office,other,rank,religious,residential,retail,serviced.apartments,telecommunications
All,completed,541.2999878,One World Trade Center,New York City,New York,office,office,40.71311188,-74.01335144,FALSE,TRUE,2014,FALSE,FALSE,FALSE,FALSE,FALSE,FALSE,FALSE,94,FALSE,FALSE,FALSE,FALSE,FALSE,FALSE,TRUE,TRUE,FALSE,4,FALSE,FALSE,FALSE,FALSE,FALSE
All,completed,442.1400146,Willis Tower,Chicago,Illinois,office,office,41.8788681,-87.63594818,FALSE,TRUE,1974,FALSE,FALSE,FALSE,FALSE,FALSE,FALSE,FALSE,108,FALSE,FALSE,FALSE,FALSE,FALSE,FALSE,TRUE,TRUE,FALSE,8,FALSE,FALSE,FALSE,FALSE,FALSE
All,completed,425.5,432 Park Avenue,New York City,New York,residential,residential,40.76155853,-73.97186279,FALSE,TRUE,2015,FALSE,FALSE,FALSE,FALSE,FALSE,FALSE,FALSE,85,FALSE,FALSE,FALSE,FALSE,FALSE,FALSE,FALSE,FALSE,FALSE,11,FALSE,TRUE,FALSE,FALSE,FALSE
All,completed,423.2200012,Trump International Hotel & Tower,Chicago,Illinois,residential / hotel,residential,41.88887024,-87.6264267,FALSE,TRUE,2009,FALSE,FALSE,FALSE,FALSE,FALSE,FALSE,FALSE,98,FALSE,FALSE,TRUE,FALSE,FALSE,FALSE,FALSE,FALSE,FALSE,12,FALSE,TRUE,FALSE,FALSE,FALSE
All,completed,381,Empire State Building,New York City,New York,office,office,40.74842072,-73.98560333,FALSE,TRUE,1931,FALSE,FALSE,FALSE,FALSE,FALSE,FALSE,FALSE,102,FALSE,FALSE,FALSE,FALSE,FALSE,FALSE,TRUE,TRUE,FALSE,18,FALSE,FALSE,FALSE,FALSE,FALSE
All,completed,365.7999878,Bank of America Tower,New York City,New York,office,office,40.75537872,-73.98435211,FALSE,TRUE,2009,FALSE,FALSE,FALSE,FALSE,FALSE,FALSE,FALSE,55,FALSE,FALSE,FALSE,FALSE,FALSE,FALSE,FALSE,TRUE,FALSE,20,FALSE,FALSE,FALSE,FALSE,FALSE
All,completed,350.2200012,Stratosphere Tower,Las Vegas,Nevada,hotel / casino,hotel,36.1473999,-115.1554337,FALSE,TRUE,1996,FALSE,FALSE,FALSE,TRUE,FALSE,FALSE,FALSE,0,FALSE,FALSE,TRUE,FALSE,FALSE,FALSE,TRUE,FALSE,FALSE,22,FALSE,FALSE,FALSE,FALSE,FALSE
All,completed,346.2600098,Aon Center,Chicago,Illinois,office,office,41.88515854,-87.62145233,FALSE,TRUE,1973,FALSE,FALSE,FALSE,FALSE,FALSE,FALSE,FALSE,83,FALSE,FALSE,FALSE,FALSE,FALSE,FALSE,FALSE,TRUE,FALSE,23,FALSE,FALSE,FALSE,FALSE,FALSE
All,completed,343.6900024,John Hancock Center,Chicago,Illinois,office,office,41.8987999,-87.62306213,FALSE,TRUE,1969,FALSE,FALSE,FALSE,FALSE,FALSE,FALSE,FALSE,100,FALSE,FALSE,FALSE,FALSE,FALSE,FALSE,TRUE,TRUE,FALSE,24,FALSE,TRUE,FALSE,FALSE,FALSE
All,completed,329,WITI TV Tower,Shorewood,Wisconsin,telecommunications,telecommunications,43.0906105,-87.89720917,FALSE,TRUE,1962,FALSE,FALSE,FALSE,FALSE,FALSE,FALSE,FALSE,0,FALSE,FALSE,FALSE,FALSE,FALSE,FALSE,FALSE,FALSE,FALSE,27,FALSE,FALSE,FALSE,FALSE,TRUE
Atlanta,completed,311.7999878,Bank of America Plaza,Atlanta,Georgia,office,office,33.7707901,-84.38601685,FALSE,TRUE,1992,FALSE,FALSE,FALSE,FALSE,FALSE,FALSE,FALSE,55,FALSE,FALSE,FALSE,FALSE,FALSE,FALSE,FALSE,TRUE,FALSE,35,FALSE,FALSE,FALSE,FALSE,FALSE
Atlanta,completed,264.25,SunTrust Plaza,Atlanta,Georgia,office,office,33.76269913,-84.38646698,FALSE,TRUE,1992,FALSE,FALSE,FALSE,FALSE,FALSE,FALSE,FALSE,60,FALSE,FALSE,FALSE,FALSE,FALSE,FALSE,FALSE,TRUE,FALSE,70,FALSE,FALSE,FALSE,FALSE,FALSE
Atlanta,completed,249.9400024,One Atlantic Center,Atlanta,Georgia,office,office,33.78701019,-84.38733673,FALSE,TRUE,1987,FALSE,FALSE,FALSE,FALSE,FALSE,FALSE,FALSE,50,FALSE,FALSE,FALSE,FALSE,FALSE,FALSE,FALSE,TRUE,FALSE,88,FALSE,FALSE,FALSE,FALSE,FALSE
Atlanta,completed,234.6999969,191 Peachtree Tower,Atlanta,Georgia,office,office,33.75894165,-84.38668823,FALSE,TRUE,1992,FALSE,FALSE,FALSE,FALSE,FALSE,FALSE,FALSE,50,FALSE,FALSE,FALSE,FALSE,FALSE,FALSE,FALSE,TRUE,FALSE,114,FALSE,FALSE,FALSE,FALSE,FALSE
Atlanta,completed,220.3699951,Westin Peachtree Plaza,Atlanta,Georgia,hotel,hotel,33.75936127,-84.38857269,FALSE,TRUE,1976,FALSE,FALSE,FALSE,FALSE,FALSE,FALSE,FALSE,73,FALSE,FALSE,TRUE,FALSE,FALSE,FALSE,FALSE,FALSE,FALSE,160,FALSE,FALSE,FALSE,FALSE,FALSE
Atlanta,completed,206.3500061,AT&T Building,Atlanta,Georgia,office,office,33.77273178,-84.38652039,FALSE,TRUE,1980,FALSE,FALSE,FALSE,FALSE,FALSE,FALSE,FALSE,47,FALSE,FALSE,FALSE,FALSE,FALSE,FALSE,FALSE,TRUE,FALSE,208,FALSE,FALSE,FALSE,FALSE,FALSE
Atlanta,completed,202.6900024,Sovereign,Atlanta,Georgia,residential / office,residential,33.84711075,-84.36846924,FALSE,TRUE,2008,FALSE,FALSE,FALSE,FALSE,FALSE,FALSE,FALSE,48,FALSE,FALSE,FALSE,FALSE,FALSE,FALSE,FALSE,TRUE,FALSE,222,FALSE,TRUE,FALSE,FALSE,FALSE
Atlanta,completed,200.1600037,1180 Peachtree,Atlanta,Georgia,office,office,33.78686905,-84.3837204,FALSE,TRUE,2006,FALSE,FALSE,FALSE,FALSE,FALSE,FALSE,FALSE,41,FALSE,FALSE,FALSE,FALSE,FALSE,FALSE,FALSE,TRUE,FALSE,228,FALSE,FALSE,FALSE,FALSE,FALSE
Atlanta,completed,176.7899933,The Mansion on Peachtree,Atlanta,Georgia,residential / hotel,residential,33.84944916,-84.36656952,FALSE,TRUE,2008,FALSE,FALSE,FALSE,FALSE,FALSE,FALSE,FALSE,42,FALSE,FALSE,FALSE,FALSE,FALSE,FALSE,FALSE,FALSE,FALSE,386,FALSE,TRUE,FALSE,FALSE,FALSE
Atlanta,completed,175.8699951,The Atlantic,Atlanta,Georgia,residential,residential,33.79085922,-84.39758301,FALSE,TRUE,2009,FALSE,FALSE,FALSE,FALSE,FALSE,FALSE,FALSE,46,FALSE,FALSE,FALSE,FALSE,FALSE,FALSE,FALSE,FALSE,FALSE,395,FALSE,TRUE,FALSE,FALSE,FALSE
Boston,completed,240.7899933,200 Clarendon,Boston,Massachusetts,office,office,42.34931946,-71.07510376,FALSE,TRUE,1976,FALSE,FALSE,FALSE,FALSE,FALSE,FALSE,FALSE,62,FALSE,FALSE,FALSE,FALSE,FALSE,FALSE,FALSE,TRUE,FALSE,100,FALSE,FALSE,FALSE,FALSE,FALSE
Boston,completed,228.6000061,Prudential Tower,Boston,Massachusetts,office,office,42.347229,-71.08264923,FALSE,TRUE,1964,FALSE,FALSE,FALSE,FALSE,FALSE,FALSE,FALSE,52,FALSE,FALSE,FALSE,FALSE,FALSE,FALSE,TRUE,TRUE,FALSE,129,FALSE,FALSE,FALSE,FALSE,FALSE
Boston,completed,183.1900024,BNY Mellon Center at One Boston Place,Boston,Massachusetts,office,office,42.35855865,-71.05834961,FALSE,TRUE,1970,FALSE,FALSE,FALSE,FALSE,FALSE,FALSE,FALSE,41,FALSE,FALSE,FALSE,FALSE,FALSE,FALSE,FALSE,TRUE,FALSE,339,FALSE,FALSE,FALSE,FALSE,FALSE
Boston,completed,182.8800049,One International Place,Boston,Massachusetts,office,office,42.35570908,-71.05200958,FALSE,TRUE,1987,FALSE,FALSE,FALSE,FALSE,FALSE,FALSE,FALSE,46,FALSE,FALSE,FALSE,FALSE,FALSE,FALSE,FALSE,TRUE,FALSE,346,FALSE,FALSE,FALSE,FALSE,FALSE
Boston,completed,179.8300018,One Financial Center,Boston,Massachusetts,office,office,42.35224152,-71.05623627,FALSE,TRUE,1984,FALSE,FALSE,FALSE,FALSE,FALSE,FALSE,FALSE,46,FALSE,FALSE,FALSE,FALSE,FALSE,FALSE,FALSE,TRUE,FALSE,364,FALSE,FALSE,FALSE,FALSE,FALSE
Boston,completed,172,111 Huntington Avenue,Boston,Massachusetts,office,office,42.34648132,-71.08162689,FALSE,TRUE,2002,FALSE,FALSE,FALSE,FALSE,FALSE,FALSE,FALSE,36,FALSE,FALSE,FALSE,FALSE,FALSE,FALSE,FALSE,TRUE,FALSE,432,FALSE,FALSE,FALSE,FALSE,FALSE
Boston,completed,164,Two International Place,Boston,Massachusetts,office,office,42.3563385,-71.05174255,FALSE,TRUE,1993,FALSE,FALSE,FALSE,FALSE,FALSE,FALSE,FALSE,35,FALSE,FALSE,FALSE,FALSE,FALSE,FALSE,FALSE,TRUE,FALSE,524,FALSE,FALSE,FALSE,FALSE,FALSE
Boston,completed,158.5,One Federal Street,Boston,Massachusetts,office,office,42.35630035,-71.0568924,FALSE,TRUE,1976,FALSE,FALSE,FALSE,FALSE,FALSE,FALSE,FALSE,38,FALSE,FALSE,FALSE,FALSE,FALSE,FALSE,FALSE,TRUE,FALSE,591,FALSE,FALSE,FALSE,FALSE,FALSE
Boston,completed,154.5,One Beacon Street,Boston,Massachusetts,office,office,42.35847855,-71.06082153,FALSE,TRUE,1972,FALSE,FALSE,FALSE,FALSE,FALSE,FALSE,FALSE,36,FALSE,FALSE,FALSE,FALSE,FALSE,FALSE,FALSE,TRUE,FALSE,645,FALSE,FALSE,FALSE,FALSE,FALSE
Boston,completed,153.3200073,State Street Financial Center,Boston,Massachusetts,office,office,42.35274887,-71.05838776,FALSE,TRUE,2003,FALSE,FALSE,FALSE,FALSE,FALSE,FALSE,FALSE,36,FALSE,FALSE,FALSE,FALSE,FALSE,FALSE,FALSE,TRUE,FALSE,661,FALSE,FALSE,FALSE,FALSE,FALSE
Chicago,completed,442.1400146,Willis Tower,Chicago,Illinois,office,office,41.8788681,-87.63594818,FALSE,TRUE,1974,FALSE,FALSE,FALSE,FALSE,FALSE,FALSE,FALSE,108,FALSE,FALSE,FALSE,FALSE,FALSE,FALSE,TRUE,TRUE,FALSE,8,FALSE,FALSE,FALSE,FALSE,FALSE
Chicago,completed,423.2200012,Trump International Hotel & Tower,Chicago,Illinois,residential / hotel,residential,41.88887024,-87.6264267,FALSE,TRUE,2009,FALSE,FALSE,FALSE,FALSE,FALSE,FALSE,FALSE,98,FALSE,FALSE,TRUE,FALSE,FALSE,FALSE,FALSE,FALSE,FALSE,12,FALSE,TRUE,FALSE,FALSE,FALSE
Chicago,completed,346.2600098,Aon Center,Chicago,Illinois,office,office,41.88515854,-87.62145233,FALSE,TRUE,1973,FALSE,FALSE,FALSE,FALSE,FALSE,FALSE,FALSE,83,FALSE,FALSE,FALSE,FALSE,FALSE,FALSE,FALSE,TRUE,FALSE,23,FALSE,FALSE,FALSE,FALSE,FALSE
Chicago,completed,343.6900024,John Hancock Center,Chicago,Illinois,office,office,41.8987999,-87.62306213,FALSE,TRUE,1969,FALSE,FALSE,FALSE,FALSE,FALSE,FALSE,FALSE,100,FALSE,FALSE,FALSE,FALSE,FALSE,FALSE,TRUE,TRUE,FALSE,24,FALSE,TRUE,FALSE,FALSE,FALSE
Chicago,completed,306.9400024,The Franklin - North Tower,Chicago,Illinois,office,office,41.88034821,-87.63475037,FALSE,TRUE,1989,FALSE,FALSE,FALSE,FALSE,FALSE,FALSE,FALSE,60,FALSE,FALSE,FALSE,FALSE,FALSE,FALSE,FALSE,TRUE,FALSE,40,FALSE,FALSE,FALSE,FALSE,FALSE
Chicago,completed,303.2799988,Two Prudential Plaza,Chicago,Illinois,office,office,41.88536835,-87.62258148,FALSE,TRUE,1990,FALSE,FALSE,FALSE,FALSE,FALSE,FALSE,FALSE,64,FALSE,FALSE,FALSE,FALSE,FALSE,FALSE,FALSE,TRUE,FALSE,45,FALSE,FALSE,FALSE,FALSE,FALSE
Chicago,completed,292.9200134,311 South Wacker Drive,Chicago,Illinois,office,office,41.87739182,-87.63555908,FALSE,TRUE,1990,FALSE,FALSE,FALSE,FALSE,FALSE,FALSE,FALSE,65,FALSE,FALSE,FALSE,FALSE,FALSE,FALSE,FALSE,TRUE,FALSE,49,FALSE,FALSE,FALSE,FALSE,FALSE
Chicago,completed,265,900 North Michigan Avenue,Chicago,Illinois,residential / office / hotel,residential,41.8996582,-87.62471008,FALSE,TRUE,1989,FALSE,FALSE,FALSE,FALSE,FALSE,FALSE,FALSE,66,FALSE,FALSE,TRUE,FALSE,FALSE,FALSE,FALSE,TRUE,FALSE,68,FALSE,TRUE,TRUE,FALSE,FALSE
Chicago,completed,261.8800049,Water Tower Place,Chicago,Illinois,residential / hotel / retail,residential,41.89796829,-87.62284088,FALSE,TRUE,1976,FALSE,FALSE,FALSE,FALSE,FALSE,FALSE,FALSE,74,FALSE,FALSE,TRUE,FALSE,FALSE,FALSE,FALSE,FALSE,FALSE,72,FALSE,TRUE,TRUE,FALSE,FALSE
Chicago,completed,261.75,Aqua,Chicago,Illinois,residential / hotel,residential,41.88647842,-87.61991882,FALSE,TRUE,2009,FALSE,FALSE,FALSE,FALSE,FALSE,FALSE,FALSE,86,FALSE,FALSE,TRUE,FALSE,FALSE,FALSE,FALSE,FALSE,FALSE,73,FALSE,TRUE,FALSE,FALSE,FALSE
Dallas,completed,280.7200012,Bank of America Plaza,Dallas,Texas,office,office,32.78004074,-96.80393982,FALSE,TRUE,1985,FALSE,FALSE,FALSE,FALSE,FALSE,FALSE,FALSE,72,FALSE,FALSE,FALSE,FALSE,FALSE,FALSE,FALSE,TRUE,FALSE,57,FALSE,FALSE,FALSE,FALSE,FALSE
Dallas,completed,270.0599976,Renaissance Tower,Dallas,Texas,office,office,32.78126144,-96.80191803,FALSE,TRUE,1986,FALSE,FALSE,FALSE,FALSE,FALSE,FALSE,FALSE,56,FALSE,FALSE,FALSE,FALSE,FALSE,FALSE,FALSE,TRUE,FALSE,64,FALSE,FALSE,FALSE,FALSE,FALSE
Dallas,completed,239.8800049,Comerica Bank Tower,Dallas,Texas,office,office,32.78163147,-96.79631805,FALSE,TRUE,1987,FALSE,FALSE,FALSE,FALSE,FALSE,FALSE,FALSE,60,FALSE,FALSE,FALSE,FALSE,FALSE,FALSE,FALSE,TRUE,FALSE,102,FALSE,FALSE,FALSE,FALSE,FALSE
Dallas,completed,219.4600067,Fountain Place,Dallas,Texas,office,office,32.78479004,-96.80255127,FALSE,TRUE,1986,FALSE,FALSE,FALSE,FALSE,FALSE,FALSE,FALSE,62,FALSE,FALSE,FALSE,FALSE,FALSE,FALSE,FALSE,TRUE,FALSE,163,FALSE,FALSE,FALSE,FALSE,FALSE
Dallas,completed,191.4199982,Elm Place,Dallas,Texas,office,office,32.78144836,-96.80075836,FALSE,TRUE,1965,FALSE,FALSE,FALSE,FALSE,FALSE,FALSE,FALSE,52,FALSE,FALSE,FALSE,FALSE,FALSE,FALSE,FALSE,TRUE,FALSE,291,FALSE,FALSE,FALSE,FALSE,FALSE
Dallas,completed,183.5,Gables Republic Tower,Dallas,Texas,office,office,32.78329849,-96.7978363,FALSE,TRUE,1954,FALSE,FALSE,FALSE,FALSE,FALSE,FALSE,FALSE,36,FALSE,FALSE,FALSE,FALSE,FALSE,FALSE,FALSE,TRUE,FALSE,332,FALSE,FALSE,FALSE,FALSE,FALSE
Dallas,completed,182.2700043,Republic Center Tower II,Dallas,Texas,office,office,32.78339005,-96.79723358,FALSE,TRUE,1964,FALSE,FALSE,FALSE,FALSE,FALSE,FALSE,FALSE,50,FALSE,FALSE,FALSE,FALSE,FALSE,FALSE,FALSE,TRUE,FALSE,352,FALSE,FALSE,FALSE,FALSE,FALSE
Dallas,completed,176.7899933,One AT&T Plaza,Dallas,Texas,office,office,32.77957916,-96.79872894,FALSE,TRUE,1984,FALSE,FALSE,FALSE,FALSE,FALSE,FALSE,FALSE,37,FALSE,FALSE,FALSE,FALSE,FALSE,FALSE,FALSE,TRUE,FALSE,388,FALSE,FALSE,FALSE,FALSE,FALSE
Dallas,completed,176.4799957,Ross Tower,Dallas,Texas,office,office,32.7844696,-96.80023956,FALSE,TRUE,1984,FALSE,FALSE,FALSE,FALSE,FALSE,FALSE,FALSE,45,FALSE,FALSE,FALSE,FALSE,FALSE,FALSE,FALSE,TRUE,FALSE,390,FALSE,FALSE,FALSE,FALSE,FALSE
Dallas,completed,170.6900024,Reunion Tower,Dallas,Texas,observation,observation,32.77536011,-96.80896759,FALSE,TRUE,1978,FALSE,FALSE,FALSE,FALSE,FALSE,FALSE,FALSE,0,FALSE,FALSE,FALSE,FALSE,FALSE,FALSE,TRUE,FALSE,FALSE,444,FALSE,FALSE,FALSE,FALSE,FALSE
Detroit,completed,221.4900055,Detroit Marriott at the Renaissance Center,Detroit,Michigan,hotel,hotel,42.32899094,-83.03968811,FALSE,TRUE,1977,FALSE,FALSE,FALSE,FALSE,FALSE,FALSE,FALSE,70,FALSE,FALSE,TRUE,FALSE,FALSE,FALSE,FALSE,FALSE,FALSE,154,FALSE,FALSE,FALSE,FALSE,FALSE
Detroit,completed,173.2599945,Penobscot Building,Detroit,Michigan,office,office,42.33026886,-83.04750061,FALSE,TRUE,1928,FALSE,FALSE,FALSE,FALSE,FALSE,FALSE,FALSE,47,FALSE,FALSE,FALSE,FALSE,FALSE,FALSE,FALSE,TRUE,FALSE,423,FALSE,FALSE,FALSE,FALSE,FALSE
Detroit,completed,155,Renaissance Center 100 Tower,Detroit,Michigan,office,office,42.32907867,-83.04032135,FALSE,TRUE,1976,FALSE,FALSE,FALSE,FALSE,FALSE,FALSE,FALSE,39,FALSE,FALSE,FALSE,FALSE,FALSE,FALSE,FALSE,TRUE,FALSE,639,FALSE,FALSE,FALSE,FALSE,FALSE
Detroit,completed,155,Renaissance Center 200 Tower,Detroit,Michigan,office,office,42.32955933,-83.03929138,FALSE,TRUE,1976,FALSE,FALSE,FALSE,FALSE,FALSE,FALSE,FALSE,39,FALSE,FALSE,FALSE,FALSE,FALSE,FALSE,FALSE,TRUE,FALSE,639,FALSE,FALSE,FALSE,FALSE,FALSE
Detroit,completed,155,Renaissance Center 300 Tower,Detroit,Michigan,office,office,42.32878876,-83.03871155,FALSE,TRUE,1976,FALSE,FALSE,FALSE,FALSE,FALSE,FALSE,FALSE,39,FALSE,FALSE,FALSE,FALSE,FALSE,FALSE,FALSE,TRUE,FALSE,639,FALSE,FALSE,FALSE,FALSE,FALSE
Detroit,completed,155,Renaissance Center 400 Tower,Detroit,Michigan,office,office,42.32836151,-83.03974915,FALSE,TRUE,1976,FALSE,FALSE,FALSE,FALSE,FALSE,FALSE,FALSE,39,FALSE,FALSE,FALSE,FALSE,FALSE,FALSE,FALSE,TRUE,FALSE,639,FALSE,FALSE,FALSE,FALSE,FALSE
Detroit,completed,151.0299988,Guardian Building,Detroit,Michigan,office,office,42.32978821,-83.04615784,FALSE,TRUE,1929,FALSE,FALSE,FALSE,FALSE,FALSE,FALSE,FALSE,40,FALSE,FALSE,FALSE,FALSE,FALSE,FALSE,FALSE,TRUE,FALSE,700,FALSE,FALSE,FALSE,FALSE,FALSE
Detroit,completed,144.7799988,Book Tower,Detroit,Michigan,office,office,42.33348846,-83.0515976,TRUE,TRUE,1926,FALSE,FALSE,FALSE,FALSE,FALSE,FALSE,FALSE,38,FALSE,FALSE,FALSE,FALSE,FALSE,FALSE,FALSE,FALSE,FALSE,805,FALSE,FALSE,FALSE,FALSE,FALSE
Detroit,completed,135.4700012,Fisher Building,Detroit,Michigan,office,office,42.36931992,-83.07704163,FALSE,TRUE,1928,FALSE,FALSE,FALSE,FALSE,FALSE,FALSE,FALSE,30,FALSE,FALSE,FALSE,FALSE,FALSE,FALSE,FALSE,TRUE,FALSE,961,FALSE,FALSE,FALSE,FALSE,FALSE
Detroit,completed,133.1999969,Cadillac Tower,Detroit,Michigan,office,office,42.33190918,-83.04482269,FALSE,TRUE,1927,FALSE,FALSE,FALSE,FALSE,FALSE,FALSE,FALSE,40,FALSE,FALSE,FALSE,FALSE,FALSE,FALSE,FALSE,TRUE,FALSE,1007,FALSE,FALSE,FALSE,FALSE,FALSE
Houston,completed,305.4100037,JPMorgan Chase Tower,Houston,Texas,office,office,29.76041985,-95.36390686,FALSE,TRUE,1982,FALSE,FALSE,FALSE,FALSE,FALSE,FALSE,FALSE,75,FALSE,FALSE,FALSE,FALSE,FALSE,FALSE,FALSE,TRUE,FALSE,42,FALSE,FALSE,FALSE,FALSE,FALSE
Houston,completed,302.3699951,Wells Fargo Plaza,Houston,Texas,office,office,29.75844955,-95.36826324,FALSE,TRUE,1983,FALSE,FALSE,FALSE,FALSE,FALSE,FALSE,FALSE,71,FALSE,FALSE,FALSE,FALSE,FALSE,FALSE,FALSE,TRUE,FALSE,46,FALSE,FALSE,FALSE,FALSE,FALSE
Houston,completed,274.6300049,Williams Tower,Houston,Texas,office,office,29.73719025,-95.46121216,FALSE,TRUE,1982,FALSE,FALSE,FALSE,FALSE,FALSE,FALSE,FALSE,64,FALSE,FALSE,FALSE,FALSE,FALSE,FALSE,FALSE,TRUE,FALSE,61,FALSE,FALSE,FALSE,FALSE,FALSE
Houston,completed,237.75,Bank of America Center,Houston,Texas,office,office,29.76074982,-95.36659241,FALSE,TRUE,1983,FALSE,FALSE,FALSE,FALSE,FALSE,FALSE,FALSE,56,FALSE,FALSE,FALSE,FALSE,FALSE,FALSE,FALSE,TRUE,FALSE,107,FALSE,FALSE,FALSE,FALSE,FALSE
Houston,completed,232.2599945,Heritage Plaza,Houston,Texas,office,office,29.75880051,-95.37078094,FALSE,TRUE,1987,FALSE,FALSE,FALSE,FALSE,FALSE,FALSE,FALSE,53,FALSE,FALSE,FALSE,FALSE,FALSE,FALSE,FALSE,TRUE,FALSE,117,FALSE,FALSE,FALSE,FALSE,FALSE
Houston,completed,230.3999939,Enterprise Plaza,Houston,Texas,office,office,29.75781059,-95.36897278,FALSE,TRUE,1980,FALSE,FALSE,FALSE,FALSE,FALSE,FALSE,FALSE,55,FALSE,FALSE,FALSE,FALSE,FALSE,FALSE,FALSE,TRUE,FALSE,121,FALSE,FALSE,FALSE,FALSE,FALSE
Houston,completed,225.8600006,Centerpoint Energy Plaza,Houston,Texas,office,office,29.75712967,-95.36795044,FALSE,TRUE,1996,FALSE,FALSE,FALSE,FALSE,FALSE,FALSE,FALSE,53,FALSE,FALSE,FALSE,FALSE,FALSE,FALSE,FALSE,TRUE,FALSE,142,FALSE,FALSE,FALSE,FALSE,FALSE
Houston,completed,223.1199951,1600 Smith Street,Houston,Texas,office,office,29.75440025,-95.37270355,FALSE,TRUE,1984,FALSE,FALSE,FALSE,FALSE,FALSE,FALSE,FALSE,55,FALSE,FALSE,FALSE,FALSE,FALSE,FALSE,FALSE,TRUE,FALSE,150,FALSE,FALSE,FALSE,FALSE,FALSE
Houston,completed,221,Fulbright Tower,Houston,Texas,office,office,29.75551033,-95.36154938,FALSE,TRUE,1982,FALSE,FALSE,FALSE,FALSE,FALSE,FALSE,FALSE,52,FALSE,FALSE,FALSE,FALSE,FALSE,FALSE,FALSE,TRUE,FALSE,159,FALSE,FALSE,FALSE,FALSE,FALSE
Houston,completed,217.6300049,One Shell Plaza,Houston,Texas,office,office,29.75914955,-95.36763763,FALSE,TRUE,1970,FALSE,FALSE,FALSE,FALSE,FALSE,FALSE,FALSE,50,FALSE,FALSE,FALSE,FALSE,FALSE,FALSE,FALSE,TRUE,FALSE,170,FALSE,FALSE,FALSE,FALSE,FALSE
Jersey City,completed,238.0500031,30 Hudson Street,Jersey City,New Jersey,office,office,40.7129097,-74.03375244,FALSE,TRUE,2004,FALSE,FALSE,FALSE,FALSE,FALSE,FALSE,FALSE,42,FALSE,FALSE,FALSE,FALSE,FALSE,FALSE,FALSE,TRUE,FALSE,105,FALSE,FALSE,FALSE,FALSE,FALSE
Jersey City,completed,162.1600037,Trump Plaza Residences,Jersey City,New Jersey,residential,residential,40.71974182,-74.03656769,FALSE,TRUE,2008,FALSE,FALSE,FALSE,FALSE,FALSE,FALSE,FALSE,55,FALSE,FALSE,FALSE,FALSE,FALSE,FALSE,FALSE,FALSE,FALSE,542,FALSE,TRUE,FALSE,FALSE,FALSE
Jersey City,completed,161.3899994,70 Columbus,Jersey City,New Jersey,residential,residential,40.71905899,-74.04058075,FALSE,TRUE,2015,FALSE,FALSE,FALSE,FALSE,FALSE,FALSE,FALSE,50,FALSE,FALSE,FALSE,FALSE,FALSE,FALSE,FALSE,FALSE,FALSE,551,FALSE,TRUE,FALSE,FALSE,FALSE
Jersey City,completed,155.1399994,Hudson Greene East Tower,Jersey City,New Jersey,residential,residential,40.71456909,-74.03504944,FALSE,TRUE,2010,FALSE,FALSE,FALSE,FALSE,FALSE,FALSE,FALSE,48,FALSE,FALSE,FALSE,FALSE,FALSE,FALSE,FALSE,FALSE,FALSE,636,FALSE,TRUE,FALSE,FALSE,FALSE
Jersey City,completed,152.8200073,Hudson Greene West Tower,Jersey City,New Jersey,residential,residential,40.7146492,-74.03578186,FALSE,TRUE,2010,FALSE,FALSE,FALSE,FALSE,FALSE,FALSE,FALSE,48,FALSE,FALSE,FALSE,FALSE,FALSE,FALSE,FALSE,FALSE,FALSE,666,FALSE,TRUE,FALSE,FALSE,FALSE
Jersey City,completed,140.5,480 Washington Boulevard,Jersey City,New Jersey,office,office,40.72486877,-74.03484344,FALSE,TRUE,2004,FALSE,FALSE,FALSE,FALSE,FALSE,FALSE,FALSE,32,FALSE,FALSE,FALSE,FALSE,FALSE,FALSE,FALSE,TRUE,FALSE,867,FALSE,FALSE,FALSE,FALSE,FALSE
Jersey City,completed,138.6999969,The Monaco North Tower,Jersey City,New Jersey,residential,residential,40.72422028,-74.03658295,FALSE,TRUE,2011,FALSE,FALSE,FALSE,FALSE,FALSE,FALSE,FALSE,47,FALSE,FALSE,FALSE,FALSE,FALSE,FALSE,FALSE,FALSE,FALSE,890,FALSE,TRUE,FALSE,FALSE,FALSE
Jersey City,completed,138.6999969,The Monaco South Tower,Jersey City,New Jersey,residential,residential,40.72404861,-74.03694153,FALSE,TRUE,2011,FALSE,FALSE,FALSE,FALSE,FALSE,FALSE,FALSE,47,FALSE,FALSE,FALSE,FALSE,FALSE,FALSE,FALSE,FALSE,FALSE,890,FALSE,TRUE,FALSE,FALSE,FALSE
Jersey City,completed,138.101832,The Morgan at Provost Square,Jersey City,New Jersey,residential,residential,40.72029877,-74.04075623,FALSE,TRUE,2015,FALSE,FALSE,FALSE,FALSE,FALSE,FALSE,FALSE,38,FALSE,FALSE,FALSE,FALSE,FALSE,FALSE,FALSE,FALSE,FALSE,2365,FALSE,TRUE,FALSE,FALSE,FALSE
Jersey City,completed,132.8999939,Crystal Point,Jersey City,New Jersey,residential,residential,40.72156143,-74.0319519,FALSE,TRUE,2009,FALSE,FALSE,FALSE,FALSE,FALSE,FALSE,FALSE,42,FALSE,FALSE,FALSE,FALSE,FALSE,FALSE,FALSE,FALSE,FALSE,1012,FALSE,TRUE,FALSE,FALSE,FALSE
Las Vegas,completed,350.2200012,Stratosphere Tower,Las Vegas,Nevada,hotel / casino,hotel,36.1473999,-115.1554337,FALSE,TRUE,1996,FALSE,FALSE,FALSE,TRUE,FALSE,FALSE,FALSE,0,FALSE,FALSE,TRUE,FALSE,FALSE,FALSE,TRUE,FALSE,FALSE,22,FALSE,FALSE,FALSE,FALSE,FALSE
Las Vegas,completed,195.6799927,The Palazzo,Las Vegas,Nevada,hotel,hotel,36.12393188,-115.1679001,FALSE,TRUE,2007,FALSE,FALSE,FALSE,TRUE,FALSE,FALSE,FALSE,53,FALSE,FALSE,TRUE,FALSE,FALSE,FALSE,FALSE,FALSE,FALSE,263,FALSE,FALSE,FALSE,FALSE,FALSE
Las Vegas,completed,192.3300018,Encore,Las Vegas,Nevada,hotel,hotel,36.12950134,-115.1648636,FALSE,TRUE,2008,FALSE,FALSE,FALSE,TRUE,FALSE,FALSE,FALSE,52,FALSE,FALSE,TRUE,FALSE,FALSE,FALSE,FALSE,FALSE,FALSE,282,FALSE,FALSE,FALSE,FALSE,FALSE
Las Vegas,completed,189.5899963,Trump International Hotel & Tower 1,Las Vegas,Nevada,residential / hotel,residential,36.12963104,-115.1727829,FALSE,TRUE,2008,FALSE,FALSE,FALSE,FALSE,FALSE,FALSE,FALSE,64,FALSE,FALSE,TRUE,FALSE,FALSE,FALSE,FALSE,FALSE,FALSE,300,FALSE,TRUE,FALSE,FALSE,FALSE
Las Vegas,completed,187.1499939,Wynn Las Vegas,Las Vegas,Nevada,hotel / casino,hotel,36.12675858,-115.1655579,FALSE,TRUE,2005,FALSE,FALSE,FALSE,TRUE,FALSE,FALSE,FALSE,45,FALSE,FALSE,TRUE,FALSE,FALSE,FALSE,FALSE,FALSE,FALSE,312,FALSE,FALSE,FALSE,FALSE,FALSE
Las Vegas,completed,183.9499969,Cosmopolitan Casino Spa Tower,Las Vegas,Nevada,hotel,hotel,36.1099205,-115.1764908,FALSE,TRUE,2010,FALSE,FALSE,FALSE,TRUE,FALSE,FALSE,FALSE,52,FALSE,FALSE,TRUE,FALSE,FALSE,FALSE,FALSE,FALSE,FALSE,329,FALSE,FALSE,FALSE,FALSE,FALSE
Las Vegas,completed,183.9499969,Cosmopolitan Casino Beach Club Tower,Las Vegas,Nevada,residential,residential,36.11026001,-115.1742477,FALSE,TRUE,2010,FALSE,FALSE,FALSE,TRUE,FALSE,FALSE,FALSE,50,FALSE,FALSE,TRUE,FALSE,FALSE,FALSE,FALSE,FALSE,FALSE,330,FALSE,FALSE,FALSE,FALSE,FALSE
Las Vegas,completed,182.8800049,Aria Resort & Casino,Las Vegas,Nevada,hotel / casino,hotel,36.10778046,-115.1771393,FALSE,TRUE,2009,FALSE,FALSE,FALSE,TRUE,FALSE,FALSE,FALSE,60,FALSE,FALSE,TRUE,FALSE,FALSE,FALSE,FALSE,FALSE,FALSE,345,FALSE,FALSE,FALSE,FALSE,FALSE
Las Vegas,completed,182,Planet Hollywood Towers,Las Vegas,Nevada,hotel,hotel,36.10897827,-115.1687164,FALSE,TRUE,2009,FALSE,FALSE,FALSE,TRUE,FALSE,FALSE,FALSE,50,FALSE,FALSE,TRUE,FALSE,FALSE,FALSE,FALSE,FALSE,FALSE,355,FALSE,FALSE,FALSE,FALSE,FALSE
Las Vegas,completed,169.4700012,VDARA,Las Vegas,Nevada,hotel,hotel,36.10958862,-115.1783676,FALSE,TRUE,2009,FALSE,FALSE,FALSE,FALSE,FALSE,FALSE,FALSE,55,FALSE,FALSE,TRUE,FALSE,FALSE,FALSE,FALSE,FALSE,FALSE,452,FALSE,FALSE,FALSE,FALSE,FALSE
Los Angeles,completed,310.2900085,U.S. Bank Tower,Los Angeles,California,office,office,34.05104065,-118.2543564,FALSE,TRUE,1990,FALSE,FALSE,FALSE,FALSE,FALSE,FALSE,FALSE,73,FALSE,FALSE,FALSE,FALSE,FALSE,FALSE,FALSE,TRUE,FALSE,38,FALSE,FALSE,FALSE,FALSE,FALSE
Los Angeles,completed,261.519989,Aon Center,Los Angeles,California,office,office,34.04922867,-118.2568665,FALSE,TRUE,1974,FALSE,FALSE,FALSE,FALSE,FALSE,FALSE,FALSE,62,FALSE,FALSE,FALSE,FALSE,FALSE,FALSE,FALSE,TRUE,FALSE,74,FALSE,FALSE,FALSE,FALSE,FALSE
Los Angeles,completed,228.6000061,Two California Plaza,Los Angeles,California,office,office,34.05144119,-118.2515335,FALSE,TRUE,1992,FALSE,FALSE,FALSE,FALSE,FALSE,FALSE,FALSE,52,FALSE,FALSE,FALSE,FALSE,FALSE,FALSE,FALSE,TRUE,FALSE,129,FALSE,FALSE,FALSE,FALSE,FALSE
Los Angeles,completed,228.3000031,Gas Company Tower,Los Angeles,California,office,office,34.05007935,-118.2531891,FALSE,TRUE,1991,FALSE,FALSE,FALSE,FALSE,FALSE,FALSE,FALSE,52,FALSE,FALSE,FALSE,FALSE,FALSE,FALSE,FALSE,TRUE,FALSE,133,FALSE,FALSE,FALSE,FALSE,FALSE
Los Angeles,completed,224.0299988,Bank of America Plaza,Los Angeles,California,office,office,34.0536499,-118.2532196,FALSE,TRUE,1975,FALSE,FALSE,FALSE,FALSE,FALSE,FALSE,FALSE,55,FALSE,FALSE,FALSE,FALSE,FALSE,FALSE,FALSE,TRUE,FALSE,148,FALSE,FALSE,FALSE,FALSE,FALSE
Los Angeles,completed,221,777 Tower,Los Angeles,California,office,office,34.04850006,-118.2613983,FALSE,TRUE,1991,FALSE,FALSE,FALSE,FALSE,FALSE,FALSE,FALSE,53,FALSE,FALSE,FALSE,FALSE,FALSE,FALSE,FALSE,TRUE,FALSE,158,FALSE,FALSE,FALSE,FALSE,FALSE
Los Angeles,completed,220.3699951,Wells Fargo Tower,Los Angeles,California,office,office,34.05295944,-118.2517319,FALSE,TRUE,1983,FALSE,FALSE,FALSE,FALSE,FALSE,FALSE,FALSE,54,FALSE,FALSE,FALSE,FALSE,FALSE,FALSE,FALSE,TRUE,FALSE,161,FALSE,FALSE,FALSE,FALSE,FALSE
Los Angeles,completed,218.5399933,Figueroa at Wilshire,Los Angeles,California,office,office,34.05073166,-118.2594299,FALSE,TRUE,1989,FALSE,FALSE,FALSE,FALSE,FALSE,FALSE,FALSE,52,FALSE,FALSE,FALSE,FALSE,FALSE,FALSE,FALSE,TRUE,FALSE,165,FALSE,FALSE,FALSE,FALSE,FALSE
Los Angeles,completed,213.0599976,City National Tower,Los Angeles,California,office,office,34.05078125,-118.2577133,FALSE,TRUE,1971,FALSE,FALSE,FALSE,FALSE,FALSE,FALSE,FALSE,52,FALSE,FALSE,FALSE,FALSE,FALSE,FALSE,FALSE,TRUE,FALSE,181,FALSE,FALSE,FALSE,FALSE,FALSE
Los Angeles,completed,213.0599976,Paul Hastings Tower,Los Angeles,California,office,office,34.05157089,-118.2570114,FALSE,TRUE,1971,FALSE,FALSE,FALSE,FALSE,FALSE,FALSE,FALSE,52,FALSE,FALSE,FALSE,FALSE,FALSE,FALSE,FALSE,TRUE,FALSE,181,FALSE,FALSE,FALSE,FALSE,FALSE
Miami,completed,240.4100037,Four Seasons Hotel & Tower,Miami,Florida,residential / hotel / office,hotel,25.75902939,-80.19177246,FALSE,TRUE,2003,FALSE,FALSE,FALSE,FALSE,FALSE,FALSE,FALSE,64,FALSE,FALSE,TRUE,FALSE,FALSE,FALSE,FALSE,TRUE,FALSE,101,FALSE,TRUE,FALSE,FALSE,FALSE
Miami,completed,232.8000031,Southeast Financial Center,Miami,Florida,office,office,25.77223969,-80.18742371,FALSE,TRUE,1983,FALSE,FALSE,FALSE,FALSE,FALSE,FALSE,FALSE,55,FALSE,FALSE,FALSE,FALSE,FALSE,FALSE,FALSE,TRUE,FALSE,116,FALSE,FALSE,FALSE,FALSE,FALSE
Miami,completed,207,Marquis,Miami,Florida,residential / hotel,residential,25.78519058,-80.18991852,FALSE,TRUE,2009,FALSE,FALSE,FALSE,FALSE,FALSE,FALSE,FALSE,63,FALSE,FALSE,TRUE,FALSE,FALSE,FALSE,FALSE,FALSE,FALSE,206,FALSE,TRUE,FALSE,FALSE,FALSE
Miami,completed,199.5,Wells Fargo Tower,Miami,Florida,office,office,25.77131081,-80.18952942,FALSE,TRUE,2010,FALSE,FALSE,FALSE,FALSE,FALSE,FALSE,FALSE,47,FALSE,FALSE,FALSE,FALSE,FALSE,FALSE,FALSE,TRUE,FALSE,235,FALSE,FALSE,FALSE,FALSE,FALSE
Miami,completed,198,900 Biscayne Bay,Miami,Florida,residential,residential,25.78331947,-80.19010925,FALSE,TRUE,2008,FALSE,FALSE,FALSE,FALSE,FALSE,FALSE,FALSE,63,FALSE,FALSE,FALSE,FALSE,FALSE,FALSE,FALSE,FALSE,FALSE,243,FALSE,TRUE,FALSE,FALSE,FALSE
Miami,completed,192.2799988,Mint at Riverfront,Miami,Florida,residential,residential,25.76948929,-80.19515228,FALSE,TRUE,2009,FALSE,FALSE,FALSE,FALSE,FALSE,FALSE,FALSE,55,FALSE,FALSE,FALSE,FALSE,FALSE,FALSE,FALSE,FALSE,FALSE,283,FALSE,TRUE,FALSE,FALSE,FALSE
Miami,completed,192,Infinity at Brickell,Miami,Florida,residential / office,residential,25.76107025,-80.19428253,FALSE,TRUE,2008,FALSE,FALSE,FALSE,FALSE,FALSE,FALSE,FALSE,52,FALSE,FALSE,FALSE,FALSE,FALSE,FALSE,FALSE,TRUE,FALSE,289,FALSE,TRUE,FALSE,FALSE,FALSE
Miami,completed,190.5,Miami Tower,Miami,Florida,office,office,25.77227974,-80.19145966,FALSE,TRUE,1987,FALSE,FALSE,FALSE,FALSE,FALSE,FALSE,FALSE,47,FALSE,FALSE,FALSE,FALSE,FALSE,FALSE,FALSE,TRUE,FALSE,295,FALSE,FALSE,FALSE,FALSE,FALSE
Miami,completed,187.4499969,Marina Blue,Miami,Florida,residential,residential,25.7823391,-80.18971252,FALSE,TRUE,2007,FALSE,FALSE,FALSE,FALSE,FALSE,FALSE,FALSE,57,FALSE,FALSE,FALSE,FALSE,FALSE,FALSE,FALSE,FALSE,FALSE,308,FALSE,TRUE,FALSE,FALSE,FALSE
Miami,completed,185.9299927,Plaza on Brickell Tower I,Miami,Florida,residential,residential,25.76505089,-80.19010925,FALSE,TRUE,2007,FALSE,FALSE,FALSE,FALSE,FALSE,FALSE,FALSE,56,FALSE,FALSE,FALSE,FALSE,FALSE,FALSE,FALSE,FALSE,FALSE,315,FALSE,TRUE,FALSE,FALSE,FALSE
New York City,completed,541.2999878,One World Trade Center,New York City,New York,office,office,40.71311188,-74.01335144,FALSE,TRUE,2014,FALSE,FALSE,FALSE,FALSE,FALSE,FALSE,FALSE,94,FALSE,FALSE,FALSE,FALSE,FALSE,FALSE,TRUE,TRUE,FALSE,4,FALSE,FALSE,FALSE,FALSE,FALSE
New York City,completed,425.5,432 Park Avenue,New York City,New York,residential,residential,40.76155853,-73.97186279,FALSE,TRUE,2015,FALSE,FALSE,FALSE,FALSE,FALSE,FALSE,FALSE,85,FALSE,FALSE,FALSE,FALSE,FALSE,FALSE,FALSE,FALSE,FALSE,11,FALSE,TRUE,FALSE,FALSE,FALSE
New York City,completed,381,Empire State Building,New York City,New York,office,office,40.74842072,-73.98560333,FALSE,TRUE,1931,FALSE,FALSE,FALSE,FALSE,FALSE,FALSE,FALSE,102,FALSE,FALSE,FALSE,FALSE,FALSE,FALSE,TRUE,TRUE,FALSE,18,FALSE,FALSE,FALSE,FALSE,FALSE
New York City,completed,365.7999878,Bank of America Tower,New York City,New York,office,office,40.75537872,-73.98435211,FALSE,TRUE,2009,FALSE,FALSE,FALSE,FALSE,FALSE,FALSE,FALSE,55,FALSE,FALSE,FALSE,FALSE,FALSE,FALSE,FALSE,TRUE,FALSE,20,FALSE,FALSE,FALSE,FALSE,FALSE
New York City,completed,318.8999939,Chrysler Building,New York City,New York,office,office,40.7516098,-73.97534943,FALSE,TRUE,1930,FALSE,FALSE,FALSE,FALSE,FALSE,FALSE,FALSE,77,FALSE,FALSE,FALSE,FALSE,FALSE,FALSE,FALSE,TRUE,FALSE,32,FALSE,FALSE,FALSE,FALSE,FALSE
New York City,completed,318.769989,New York Times Tower,New York City,New York,office,office,40.75608826,-73.99004364,FALSE,TRUE,2007,FALSE,FALSE,FALSE,FALSE,FALSE,FALSE,FALSE,52,FALSE,FALSE,FALSE,FALSE,FALSE,FALSE,FALSE,TRUE,FALSE,33,FALSE,FALSE,FALSE,FALSE,FALSE
New York City,completed,306.0700073,One57,New York City,New York,residential / hotel,residential,40.76544189,-73.97907257,FALSE,TRUE,2014,FALSE,FALSE,FALSE,FALSE,FALSE,FALSE,FALSE,75,FALSE,FALSE,TRUE,FALSE,FALSE,FALSE,FALSE,FALSE,FALSE,41,FALSE,TRUE,FALSE,FALSE,FALSE
New York City,completed,297.730011,4 World Trade Center,New York City,New York,office,office,40.71031952,-74.01217651,FALSE,TRUE,2014,FALSE,FALSE,FALSE,FALSE,FALSE,FALSE,FALSE,65,FALSE,FALSE,FALSE,FALSE,FALSE,FALSE,FALSE,TRUE,FALSE,47,FALSE,FALSE,FALSE,FALSE,FALSE
New York City,completed,290.1700134,70 Pine,New York City,New York,office,office,40.70634079,-74.00766754,FALSE,TRUE,1932,FALSE,FALSE,FALSE,FALSE,FALSE,FALSE,FALSE,67,FALSE,FALSE,FALSE,FALSE,FALSE,FALSE,FALSE,TRUE,FALSE,50,FALSE,FALSE,FALSE,FALSE,FALSE
New York City,completed,282.5499878,The Trump Building,New York City,New York,office,office,40.70692062,-74.00980377,FALSE,TRUE,1930,FALSE,FALSE,FALSE,FALSE,FALSE,FALSE,FALSE,71,FALSE,FALSE,FALSE,FALSE,FALSE,FALSE,FALSE,TRUE,FALSE,56,FALSE,FALSE,FALSE,FALSE,FALSE
Philadelphia,completed,296.730011,Comcast Center,Philadelphia,Pennsylvania,office,office,39.95473862,-75.16847992,FALSE,TRUE,2008,FALSE,FALSE,FALSE,FALSE,FALSE,FALSE,FALSE,57,FALSE,FALSE,FALSE,FALSE,FALSE,FALSE,FALSE,TRUE,FALSE,48,FALSE,FALSE,FALSE,FALSE,FALSE
Philadelphia,completed,288.0400085,One Liberty Place,Philadelphia,Pennsylvania,office,office,39.95256042,-75.1681366,FALSE,TRUE,1987,FALSE,FALSE,FALSE,FALSE,FALSE,FALSE,FALSE,61,FALSE,FALSE,FALSE,FALSE,FALSE,FALSE,FALSE,TRUE,FALSE,53,FALSE,FALSE,FALSE,FALSE,FALSE
Philadelphia,completed,258.4700012,Two Liberty Place,Philadelphia,Pennsylvania,residential / office,residential,39.95169067,-75.16742706,FALSE,TRUE,1990,FALSE,FALSE,FALSE,FALSE,FALSE,FALSE,FALSE,58,FALSE,FALSE,FALSE,FALSE,FALSE,FALSE,FALSE,TRUE,FALSE,78,FALSE,TRUE,FALSE,FALSE,FALSE
Philadelphia,completed,241.4100037,Mellon Bank Center,Philadelphia,Pennsylvania,office,office,39.95357895,-75.16954803,FALSE,TRUE,1990,FALSE,FALSE,FALSE,FALSE,FALSE,FALSE,FALSE,54,FALSE,FALSE,FALSE,FALSE,FALSE,FALSE,FALSE,TRUE,FALSE,96,FALSE,FALSE,FALSE,FALSE,FALSE
Philadelphia,completed,225.25,Three Logan,Philadelphia,Pennsylvania,office,office,39.95534897,-75.16905975,FALSE,TRUE,1991,FALSE,FALSE,FALSE,FALSE,FALSE,FALSE,FALSE,55,FALSE,FALSE,FALSE,FALSE,FALSE,FALSE,FALSE,TRUE,FALSE,144,FALSE,FALSE,FALSE,FALSE,FALSE
Philadelphia,completed,157.8899994,The Residences at the Ritz-Carlton,Philadelphia,Pennsylvania,residential,residential,39.95153046,-75.16500854,FALSE,TRUE,2009,FALSE,FALSE,FALSE,FALSE,FALSE,FALSE,FALSE,46,FALSE,FALSE,FALSE,FALSE,FALSE,FALSE,FALSE,FALSE,FALSE,595,FALSE,TRUE,FALSE,FALSE,FALSE
Philadelphia,completed,152.3999939,1818 Market Street,Philadelphia,Pennsylvania,office,office,39.95294952,-75.1710434,FALSE,TRUE,1974,FALSE,FALSE,FALSE,FALSE,FALSE,FALSE,FALSE,40,FALSE,FALSE,FALSE,FALSE,FALSE,FALSE,FALSE,TRUE,FALSE,680,FALSE,FALSE,FALSE,FALSE,FALSE
Philadelphia,completed,151.8399963,The St. James,Philadelphia,Pennsylvania,residential,residential,39.9477005,-75.15402222,FALSE,TRUE,2004,FALSE,FALSE,FALSE,FALSE,FALSE,FALSE,FALSE,45,FALSE,FALSE,FALSE,FALSE,FALSE,FALSE,FALSE,FALSE,FALSE,688,FALSE,TRUE,FALSE,FALSE,FALSE
Philadelphia,completed,149.9600067,Loews Philadelphia Hotel,Philadelphia,Pennsylvania,office,office,39.95159912,-75.16015625,FALSE,TRUE,1932,FALSE,FALSE,FALSE,FALSE,FALSE,FALSE,FALSE,36,FALSE,FALSE,FALSE,FALSE,FALSE,FALSE,FALSE,TRUE,FALSE,717,FALSE,FALSE,FALSE,FALSE,FALSE
Philadelphia,completed,144.7799988,The Murano,Philadelphia,Pennsylvania,residential,residential,39.95407104,-75.17543793,FALSE,TRUE,2008,FALSE,FALSE,FALSE,FALSE,FALSE,FALSE,FALSE,42,FALSE,FALSE,FALSE,FALSE,FALSE,FALSE,FALSE,FALSE,FALSE,804,FALSE,TRUE,FALSE,FALSE,FALSE
Pittsburgh,completed,256.3399963,U.S. Steel Tower,Pittsburgh,Pennsylvania,office,office,40.44129181,-79.99463654,FALSE,TRUE,1970,FALSE,FALSE,FALSE,FALSE,FALSE,FALSE,FALSE,64,FALSE,FALSE,FALSE,FALSE,FALSE,FALSE,FALSE,TRUE,FALSE,83,FALSE,FALSE,FALSE,FALSE,FALSE
Pittsburgh,completed,221,One Mellon Center,Pittsburgh,Pennsylvania,office,office,40.43978882,-79.9960022,FALSE,TRUE,1983,FALSE,FALSE,FALSE,FALSE,FALSE,FALSE,FALSE,54,FALSE,FALSE,FALSE,FALSE,FALSE,FALSE,FALSE,TRUE,FALSE,157,FALSE,FALSE,FALSE,FALSE,FALSE
Pittsburgh,completed,193.5500031,One PPG Place,Pittsburgh,Pennsylvania,office,office,40.44002151,-80.00364685,FALSE,TRUE,1984,FALSE,FALSE,FALSE,FALSE,FALSE,FALSE,FALSE,40,FALSE,FALSE,FALSE,FALSE,FALSE,FALSE,FALSE,TRUE,FALSE,273,FALSE,FALSE,FALSE,FALSE,FALSE
Pittsburgh,completed,177.3999939,Gulf Tower,Pittsburgh,Pennsylvania,office,office,40.44261932,-79.99514771,FALSE,TRUE,1932,FALSE,FALSE,FALSE,FALSE,FALSE,FALSE,FALSE,44,FALSE,FALSE,FALSE,FALSE,FALSE,FALSE,FALSE,TRUE,FALSE,380,FALSE,FALSE,FALSE,FALSE,FALSE
Pittsburgh,completed,172,The Tower at PNC Plaza,Pittsburgh,Pennsylvania,office,office,40.44028091,-80.00022125,FALSE,TRUE,2015,FALSE,FALSE,FALSE,FALSE,FALSE,FALSE,FALSE,33,FALSE,FALSE,FALSE,FALSE,FALSE,FALSE,FALSE,TRUE,FALSE,433,FALSE,FALSE,FALSE,FALSE,FALSE
Pittsburgh,completed,163.0700073,Cathedral of Learning,Pittsburgh,Pennsylvania,education,education,40.44430161,-79.95316315,FALSE,TRUE,1936,FALSE,FALSE,FALSE,FALSE,FALSE,TRUE,FALSE,42,FALSE,FALSE,FALSE,FALSE,FALSE,FALSE,FALSE,FALSE,FALSE,534,FALSE,FALSE,FALSE,FALSE,FALSE
Pittsburgh,completed,158.5,Three Mellon Center,Pittsburgh,Pennsylvania,office,office,40.44021988,-79.99746704,FALSE,TRUE,1951,FALSE,FALSE,FALSE,FALSE,FALSE,FALSE,FALSE,41,FALSE,FALSE,FALSE,FALSE,FALSE,FALSE,FALSE,TRUE,FALSE,588,FALSE,FALSE,FALSE,FALSE,FALSE
Pittsburgh,completed,155.7599945,K & L Gates Center,Pittsburgh,Pennsylvania,office,office,40.44200134,-79.99993896,FALSE,TRUE,1968,FALSE,FALSE,FALSE,FALSE,FALSE,FALSE,FALSE,39,FALSE,FALSE,FALSE,FALSE,FALSE,FALSE,FALSE,TRUE,FALSE,630,FALSE,FALSE,FALSE,FALSE,FALSE
Pittsburgh,completed,147.8300018,Grant Building,Pittsburgh,Pennsylvania,office,office,40.4376297,-79.99739838,FALSE,TRUE,1930,FALSE,FALSE,FALSE,FALSE,FALSE,FALSE,FALSE,40,FALSE,FALSE,FALSE,FALSE,FALSE,FALSE,FALSE,TRUE,FALSE,747,FALSE,FALSE,FALSE,FALSE,FALSE
Pittsburgh,completed,144.7799988,Koppers Building,Pittsburgh,Pennsylvania,office,office,40.44213104,-79.99543762,FALSE,TRUE,1929,FALSE,FALSE,FALSE,FALSE,FALSE,FALSE,FALSE,34,FALSE,FALSE,FALSE,FALSE,FALSE,FALSE,FALSE,TRUE,FALSE,811,FALSE,FALSE,FALSE,FALSE,FALSE
San Francisco,completed,260,Transamerica Pyramid,San Francisco,California,office,office,37.79523849,-122.4027328,FALSE,TRUE,1972,FALSE,FALSE,FALSE,FALSE,FALSE,FALSE,FALSE,48,FALSE,FALSE,FALSE,FALSE,FALSE,FALSE,FALSE,TRUE,FALSE,75,FALSE,FALSE,FALSE,FALSE,FALSE
San Francisco,completed,237.4400024,555 California Street,San Francisco,California,office,office,37.792099,-122.403801,FALSE,TRUE,1969,FALSE,FALSE,FALSE,FALSE,FALSE,FALSE,FALSE,52,FALSE,FALSE,FALSE,FALSE,FALSE,FALSE,FALSE,TRUE,FALSE,108,FALSE,FALSE,FALSE,FALSE,FALSE
San Francisco,completed,211.8399963,345 California Center,San Francisco,California,hotel / office,hotel,37.79262924,-122.4004517,FALSE,TRUE,1986,FALSE,FALSE,FALSE,FALSE,FALSE,FALSE,FALSE,48,FALSE,FALSE,TRUE,FALSE,FALSE,FALSE,FALSE,TRUE,FALSE,187,FALSE,FALSE,FALSE,FALSE,FALSE
San Francisco,completed,196.6000061,Millennium Tower,San Francisco,California,residential,residential,37.79037094,-122.3960724,FALSE,TRUE,2009,FALSE,FALSE,FALSE,FALSE,FALSE,FALSE,FALSE,58,FALSE,FALSE,FALSE,FALSE,FALSE,FALSE,FALSE,FALSE,FALSE,254,FALSE,TRUE,FALSE,FALSE,FALSE
San Francisco,completed,184.4100037,One Rincon Hill South Tower,San Francisco,California,residential,residential,37.78580093,-122.3920975,FALSE,TRUE,2008,FALSE,FALSE,FALSE,FALSE,FALSE,FALSE,FALSE,54,FALSE,FALSE,FALSE,FALSE,FALSE,FALSE,FALSE,FALSE,FALSE,324,FALSE,TRUE,FALSE,FALSE,FALSE
San Francisco,completed,183,101 California Street,San Francisco,California,office,office,37.79286957,-122.3978729,FALSE,TRUE,1982,FALSE,FALSE,FALSE,FALSE,FALSE,FALSE,FALSE,48,FALSE,FALSE,FALSE,FALSE,FALSE,FALSE,FALSE,TRUE,FALSE,342,FALSE,FALSE,FALSE,FALSE,FALSE
San Francisco,completed,183,50 Fremont Center,San Francisco,California,office,office,37.79050827,-122.397171,FALSE,TRUE,1985,FALSE,FALSE,FALSE,FALSE,FALSE,FALSE,FALSE,43,FALSE,FALSE,FALSE,FALSE,FALSE,FALSE,FALSE,TRUE,FALSE,343,FALSE,FALSE,FALSE,FALSE,FALSE
San Francisco,completed,174.6499939,Chevron Tower,San Francisco,California,office,office,37.78956985,-122.400322,FALSE,TRUE,1975,FALSE,FALSE,FALSE,FALSE,FALSE,FALSE,FALSE,40,FALSE,FALSE,FALSE,FALSE,FALSE,FALSE,FALSE,TRUE,FALSE,410,FALSE,FALSE,FALSE,FALSE,FALSE
San Francisco,completed,173.7400055,Four Embarcadero Center,San Francisco,California,office,office,37.79539108,-122.3961182,FALSE,TRUE,1984,FALSE,FALSE,FALSE,FALSE,FALSE,FALSE,FALSE,45,FALSE,FALSE,FALSE,FALSE,FALSE,FALSE,FALSE,TRUE,FALSE,419,FALSE,FALSE,FALSE,FALSE,FALSE
San Francisco,completed,173.4299927,One Embarcadero Center,San Francisco,California,office,office,37.79455948,-122.3995819,FALSE,TRUE,1970,FALSE,FALSE,FALSE,FALSE,FALSE,FALSE,FALSE,45,FALSE,FALSE,FALSE,FALSE,FALSE,FALSE,FALSE,TRUE,FALSE,422,FALSE,FALSE,FALSE,FALSE,FALSE
Seattle,completed,284.3800049,Columbia Center,Seattle,Washington,office,office,47.60464096,-122.3305969,FALSE,TRUE,1984,FALSE,FALSE,FALSE,FALSE,FALSE,FALSE,FALSE,76,FALSE,FALSE,FALSE,FALSE,FALSE,FALSE,TRUE,TRUE,FALSE,55,FALSE,FALSE,FALSE,FALSE,FALSE
Seattle,completed,235.3099976,1201 Third Avenue Tower,Seattle,Washington,office,office,47.60726929,-122.3360825,FALSE,TRUE,1988,FALSE,FALSE,FALSE,FALSE,FALSE,FALSE,FALSE,55,FALSE,FALSE,FALSE,FALSE,FALSE,FALSE,FALSE,TRUE,FALSE,113,FALSE,FALSE,FALSE,FALSE,FALSE
Seattle,completed,225.5599976,Two Union Square,Seattle,Washington,office,office,47.6104393,-122.3319473,FALSE,TRUE,1989,FALSE,FALSE,FALSE,FALSE,FALSE,FALSE,FALSE,56,FALSE,FALSE,FALSE,FALSE,FALSE,FALSE,FALSE,TRUE,FALSE,143,FALSE,FALSE,FALSE,FALSE,FALSE
Seattle,completed,220.0700073,Seattle Municipal Tower,Seattle,Washington,office,office,47.60523987,-122.3294067,FALSE,TRUE,1990,FALSE,FALSE,FALSE,FALSE,FALSE,FALSE,FALSE,57,FALSE,FALSE,FALSE,FALSE,FALSE,FALSE,FALSE,TRUE,FALSE,162,FALSE,FALSE,FALSE,FALSE,FALSE
Seattle,completed,192.0299988,Safeco Plaza,Seattle,Washington,office,office,47.60622025,-122.3337631,FALSE,TRUE,1969,FALSE,FALSE,FALSE,FALSE,FALSE,FALSE,FALSE,50,FALSE,FALSE,FALSE,FALSE,FALSE,FALSE,FALSE,TRUE,FALSE,286,FALSE,FALSE,FALSE,FALSE,FALSE
Seattle,completed,184.8200073,City Centre,Seattle,Washington,office,office,47.61059952,-122.3346634,FALSE,TRUE,1989,FALSE,FALSE,FALSE,FALSE,FALSE,FALSE,FALSE,44,FALSE,FALSE,FALSE,FALSE,FALSE,FALSE,FALSE,TRUE,FALSE,320,FALSE,FALSE,FALSE,FALSE,FALSE
Seattle,completed,184.4100037,Space Needle,Seattle,Washington,observation,observation,47.62049866,-122.3492966,FALSE,TRUE,1962,FALSE,FALSE,FALSE,FALSE,FALSE,FALSE,FALSE,0,FALSE,FALSE,FALSE,FALSE,FALSE,FALSE,TRUE,FALSE,FALSE,326,FALSE,FALSE,FALSE,FALSE,FALSE
Seattle,completed,182.1799927,Russell Investments Center,Seattle,Washington,office / commercial,office,47.60779953,-122.3381119,FALSE,TRUE,2006,FALSE,FALSE,FALSE,FALSE,TRUE,FALSE,FALSE,42,FALSE,FALSE,FALSE,FALSE,FALSE,FALSE,FALSE,TRUE,FALSE,354,FALSE,FALSE,FALSE,FALSE,FALSE
Seattle,completed,174.9600067,Wells Fargo Center,Seattle,Washington,office,office,47.60514069,-122.3339691,FALSE,TRUE,1983,FALSE,FALSE,FALSE,FALSE,FALSE,FALSE,FALSE,47,FALSE,FALSE,FALSE,FALSE,FALSE,FALSE,FALSE,TRUE,FALSE,407,FALSE,FALSE,FALSE,FALSE,FALSE
Seattle,completed,165.5099945,Bank of America Fifth Avenue Plaza,Seattle,Washington,office,office,47.60589981,-122.3302383,FALSE,TRUE,1981,FALSE,FALSE,FALSE,FALSE,FALSE,FALSE,FALSE,42,FALSE,FALSE,FALSE,FALSE,FALSE,FALSE,FALSE,TRUE,FALSE,504,FALSE,FALSE,FALSE,FALSE,FALSE
