Building Name,City,Height (m),Completed,Material,Use
Sheraton Kansas City Hotel at Crown Center,Kansas City  ,130,1980,steel,hotel
Evo at Cira Centre South,Philadelphia  ,130,2014,concrete,residential
AMA Building,Chicago  ,130,1990,steel,office
Marbella Apartments,Jersey City  ,130.2,2003,concrete,residential
Finland House,New York City  ,130.2,1970,concrete,office
225 West Randolph Street,Chicago  ,130.2,1965,,office
Broad Financial Center,New York City  ,130.2,1986,,office
Toren,New York City  ,130.3,2009,steel,residential
Hyatt Regency Orlando Expansion Tower,Orlando  ,130.4,2010,concrete,hotel
One Carnegie Hill,New York City  ,130.5,2006,concrete,residential
712 Main Street,Houston  ,130.5,1929,steel,office
Centro Lofts Miami,Miami  ,130.5,2016,concrete,residential / retail
Squibb Building,New York City  ,130.5,1972,,office
101 Warren Street,New York City  ,130.5,2008,concrete,residential
1100 Peachtree,Atlanta  ,130.5,1990,,office
Bank of America Building,Providence  ,130.5,1927,steel,office
Manhattan Plaza Apartments I,New York City  ,130.5,1977,concrete,residential
Manhattan Plaza Apartments II,New York City  ,130.5,1977,concrete,residential
Harlem River Park Tower I,New York City  ,130.5,1975,concrete,residential
Harlem River Park Tower II,New York City  ,130.5,1975,concrete,residential
1555 North Astor,Chicago  ,130.6,1975,concrete,residential
Trump Taj Mahal Casino Hotel,Atlantic City  ,130.8,1990,composite,hotel / casino
860 U.N. Plaza Apartments,New York City  ,130.8,1966,,residential
870 U.N. Plaza Apartments,New York City  ,130.8,1966,,residential
Fred F. French Building,New York City  ,130.8,1927,steel,office
AT&T Building,New York City  ,130.8,1930,steel,office
Linc LIC,New York City  ,130.8,2013,concrete,residential
First Hawaiian Center,Honolulu  ,130.8,1996,steel,office
4 Metrotech Center,New York City  ,130.8,1993,,office
Memorial Hermann Medical Plaza,Houston  ,131,2007,concrete,hospital / office
McClurg Court Center A,Chicago  ,131,1971,concrete,residential
McClurg Court Center B,Chicago  ,131,1971,concrete,residential
Jasper,San Francisco  ,131,2015,,residential
Turnberry Ocean Colony North Tower,Sunny Isles Beach  ,131,2007,concrete,residential
Turnberry Ocean Colony South Tower,Sunny Isles Beach  ,131,2008,concrete,residential
1700 Market Street,Philadelphia  ,131,1968,concrete,office
Bellevue Towers One,Bellevue  ,131.1,2008,concrete,residential
100 North Main Building,Memphis  ,131.1,1965,concrete,office
EQT Plaza,Pittsburgh  ,131.1,1987,,office
135 East 57th Street,New York City  ,131.1,1988,,office
One Woodward Avenue,Detroit  ,131.1,1963,,office
Carl B. Stokes Federal Courthouse,Cleveland  ,131.1,2002,steel,government
Baltimore Marriott Waterfront Hotel,Baltimore  ,131.1,2001,concrete,hotel
1130 South Michigan,Chicago  ,131.4,1967,concrete,residential
Two Hanover Square,Raleigh  ,131.4,1991,,office
Borgata Hotel & Casino,Atlantic City  ,131.5,2007,concrete,hotel / casino
Shirley Ryan AbilityLab,Chicago  ,131.5,2016,steel/concrete,hospital
Chrysler East,New York City  ,131.7,1999,steel,office
110 East 59th Street,New York City  ,131.7,1969,,office
535 5th Avenue,New York City  ,131.7,1926,steel,office
Bush Tower,New York City  ,131.7,1917,steel,office
Riverplace Tower,Jacksonville  ,131.7,1967,precast,office
The Savoy Condominiums,New York City  ,131.7,1986,concrete,residential
BKLYN Air,New York City  ,131.7,2014,concrete,residential
Renaissance New York Midtown Hotel,New York City  ,131.7,2015,concrete,hotel
5900 Wilshire,Los Angeles  ,132,1971,steel,office
225 West Wacker,Chicago  ,132,1989,concrete,office
Confucius Plaza Apartments,New York City  ,132,1976,,residential
The Vanderbilt,New York City  ,132,1986,concrete,residential
ITT Building,New York City  ,132,1928,steel,office
Loft 2,Miami  ,132,2007,concrete,residential
Two Wells Fargo Center,Charlotte  ,132,1971,,office
Silver Tower,Chicago  ,132.1,2010,concrete,residential
The Palisades,Fort Lee  ,132.3,2001,concrete,residential
First Interstate Tower North,Denver  ,132.3,1974,,office
Oklahoma Tower,Oklahoma City  ,132.3,1982,,office
Spring,Austin  ,132.3,2009,concrete,residential
Phoenix Tower,Houston  ,132.3,1984,,office
1600 Pacific Tower,Dallas  ,132.3,1964,,
Fontainebleau Tower Suites,Miami Beach  ,132.3,2005,concrete,residential / hotel
Russ Building,San Francisco  ,132.6,1927,steel,office
Archstone Midtown West,New York City  ,132.6,1998,concrete,residential
Trump Plaza,New Rochelle  ,132.6,2007,concrete,residential
Two Logan Square,Philadelphia  ,132.6,1987,,office
745 5th Avenue,New York City  ,132.6,1931,steel,office
AT&T Tower,Jacksonville  ,132.6,1983,steel,office
123 North Wacker,Chicago  ,132.6,1986,,office
Caesars Palace Tower,Las Vegas  ,132.6,1998,,hotel
60 East End Avenue,New York City  ,132.6,1972,,residential
180 North LaSalle,Chicago  ,132.6,1972,concrete,office
1111 Brickell Avenue,Miami  ,132.6,2001,,office
140 New Montgomery Street,San Francisco  ,132.7,1925,steel,office
Crystal Point,Jersey City  ,132.9,2009,concrete,residential
San Francisco Marriott,San Francisco  ,132.9,1989,steel,hotel
Marquee,Chicago  ,132.9,2016,concrete/steel,residential / retail
750 3rd Avenue,New York City  ,132.9,1958,steel,office
Annenberg Pavillion,New York City  ,132.9,1974,steel,office
Cira Centre,Philadelphia  ,133.1,2005,steel,office
David Stott Building,Detroit  ,133.1,1929,steel,office
Cadillac Tower,Detroit  ,133.2,1927,steel,office
The Peninsula,Jacksonville  ,133.2,2006,concrete,residential
Regions Harbert Plaza,Birmingham (AL)  ,133.2,1989,,office
Residence Inn New York Manhattan/Times Square,New York City  ,133.2,2006,concrete,residential / hotel
Wrigley Building,Chicago  ,133.5,1922,steel,office
Park Laurel Condominiums,New York City  ,133.5,2001,concrete,residential
Willoughby Tower,Chicago  ,133.5,1929,steel,office
The Crest,New York City  ,133.5,1929,steel,office
Borden Building,Columbus  ,133.5,1974,steel,office
Empire Trust Company Building,New York City  ,133.5,1927,steel,office
Fifth Avenue Tower,New York City  ,133.5,1986,,residential / office
17th Street Plaza,Denver  ,133.5,1982,,office
One California,San Francisco  ,133.5,1969,steel,office
1010 Common,New Orleans  ,133.5,1970,concrete,office
The Mondrian,New York City  ,133.8,1992,concrete,residential
Allison Tower,The Woodlands  ,133.8,2002,,office
One Park Tower,Atlanta  ,133.8,1961,steel,office
Tower 52,New York City  ,133.8,1983,,office
W Dallas Victory Hotel & Residences,Dallas  ,133.8,2006,concrete,hotel
Insignia North Tower,Seattle  ,134,2016,concrete,residential
Insignia South Tower,Seattle  ,134,2015,concrete,residential
One Canal Place,New Orleans  ,134,1979,steel,office
Hartford 21,Hartford  ,134.1,2006,steel,residential
The Beach Club Tower 1,Hallandale Beach  ,134.1,2005,concrete,residential
The Beach Club Tower 3,Hallandale Beach  ,134.1,2007,concrete,residential
1001 South State Street,Chicago  ,134.1,2016,concrete,residential
Met 1,Miami  ,134.1,2007,concrete,residential
Fifteen Twenty-One Second Avenue,Seattle  ,134.1,2008,concrete,residential
One Seaport Plaza,New York City  ,134.1,1984,,office
340 Fremont Street,San Francisco  ,134.1,2016,concrete,residential
Cirrus,Seattle  ,134.1,2015,concrete,residential
City Place,Oklahoma City  ,134.1,1931,steel,office
The Olivia,New York City  ,134.1,2001,concrete/steel,residential / office
11 Greenway Plaza,Houston  ,134.4,1979,,office
9 Greenway Plaza,Houston  ,134.4,1978,,office
SunTrust Center,Orlando  ,134.4,1988,concrete,office
Harriman Building,New York City  ,134.7,1928,steel,residential / office
Texaco Center,New Orleans  ,134.7,1983,,office
One Summit Square,Fort Wayne  ,134.7,1982,concrete,office
Optima Chicago Center,Chicago  ,134.9,2014,concrete,residential
Lucerne Apartments,New York City  ,134.9,1991,concrete,residential
Trump Hollywood,Hollywood  ,135,2009,concrete,residential
Bridge Tower Place,New York City  ,135,2001,concrete,residential
85 Broad Street,New York City  ,135,1983,,office
Xerox Tower,Rochester  ,135,1968,steel,office
Jackson Tower,St. Paul  ,135,1986,concrete,residential
Element New York Times Square West,New York City  ,135,2010,concrete,hotel
Daily Commerce Building,New York City  ,135,1931,steel,office
City Hall,Kansas City  ,135,1937,steel,government
Four Leaf Towers 1,Houston  ,135.3,1982,,residential
Four Leaf Towers 2,Houston  ,135.3,1982,,residential
Premier on Pine,Seattle  ,135.3,2015,concrete,residential
The Westin Diplomat Resort,Hollywood  ,135.3,2002,concrete,hotel
Weston Centre,San Antonio  ,135.3,1989,,office
Three Ravinia Drive,Dunwoody  ,135.3,1991,,office
MILA,Chicago  ,135.5,2016,concrete,residential
Fisher Building,Detroit  ,135.5,1928,steel,office
Liberty Court,New York City  ,135.6,1987,,residential
Club M at Turtle Bay,New York City  ,135.6,1988,,residential
300 South Wacker,Chicago  ,135.6,1971,concrete,office
444 North Michigan,Chicago  ,135.6,1976,,office
1400 Broadway,New York City  ,135.6,1931,steel,office
One Main Place,Dallas  ,135.6,1968,,office
Two PNC Plaza,Pittsburgh  ,135.6,1975,,office
120 Wall Street,New York City  ,135.6,1930,steel,office
Millennium Place Tower 2,Boston  ,135.8,2001,,residential / hotel
Greenwich Club Residences,New York City  ,135.9,1931,steel,residential
Manchester Grand Hyatt Seaport,San Diego  ,135.9,2003,steel,hotel
Fifth Third Center,Cleveland  ,135.9,1991,,office
University Club Tower,Milwaukee  ,136,2007,concrete,residential
100 First Plaza,San Francisco  ,136.2,1988,,office
Ann & Robert H. Lurie Children's Hospital of Chicago,Chicago  ,136.2,2012,composite,hospital
1250 Broadway,New York City  ,136.3,1970,steel,office
La Perla Ocean Residences,Sunny Isles Beach  ,136.3,2006,concrete,residential
Ivy Tower,New York City  ,136.3,2003,concrete,residential
Omni Fort Worth Hotel,Fort Worth  ,136.3,2009,concrete,residential / hotel
Fifth Third Center,Charlotte  ,136.3,1997,,office
Icon Bay,Miami  ,136.5,2015,concrete,residential
Eleven80,Newark  ,136.6,1930,steel,office
1670 Broadway,Denver  ,136.6,1980,,office
50 Broadway,New York City  ,136.6,1927,steel,office
Adams Express Building,New York City  ,136.6,1916,steel,office
Wall Street Plaza,New York City  ,136.6,1973,,office
W Minneapolis - The Foshay,Minneapolis  ,136.6,1929,steel,hotel
Sheraton Dallas Hotel North Tower,Dallas  ,136.6,1980,,hotel
One Dallas Center,Dallas  ,136.6,1979,,residential / office
AT&T Switching Center,Los Angeles  ,136.6,1961,,office
Chateau Beach Residences,Sunny Isles Beach  ,136.8,2015,concrete,residential
One Miami West Tower,Miami  ,136.9,2005,concrete,residential
200 Squared,Chicago  ,136.9,2010,concrete,residential
Millennium Point,New York City  ,136.9,2001,concrete,residential / hotel
James Monroe Building,Richmond  ,136.9,1981,,office
The America,New York City  ,136.9,1987,,residential
Westin Seattle North Tower,Seattle  ,137,1982,steel,religious
New Orleans Marriott,New Orleans  ,137,1972,,hotel
Veer Towers East,Las Vegas  ,137,2010,concrete,residential
Veer Towers West,Las Vegas  ,137,2010,concrete,residential
Hubbard Place,Chicago  ,137,2013,concrete,residential
701 Brickell Avenue,Miami  ,137.1,1986,,office
The Strand,New York City  ,137.2,1989,,residential
M2,Jersey City  ,137.2,2016,concrete,residential
The Shoreham,Chicago  ,137.2,2005,concrete,residential
Park Lane Hotel,New York City  ,137.2,1971,,hotel
Eugenie Terrace on the Park,Chicago  ,137.2,1987,concrete,residential
Bellevue Towers Two,Bellevue  ,137.2,2008,concrete,residential
Dag Hammarskjold Tower,New York City  ,137.2,1984,,residential
The Strathmore,New York City  ,137.2,1996,,residential
One Lincoln Tower,Bellevue  ,137.2,2005,concrete,residential / hotel
Tower 31,New York City  ,137.2,2006,concrete,residential
47 East 34th Street,New York City  ,137.2,2009,concrete,residential
Fifth Third Center,Chicago  ,137.2,1971,composite,office
100 Summer Street,Boston  ,137.2,1974,steel,office
Three Wells Fargo Center,Charlotte  ,137.2,2000,concrete,office
One Cleveland Center,Cleveland  ,137.2,1983,steel,office
Emerald Plaza,San Diego  ,137.2,1990,,office
Riverbend Condominiums,Chicago  ,137.4,2002,concrete,residential
1065 Avenue of the Americas,New York City  ,137.5,1957,steel,office
Buckhead Grand,Atlanta  ,137.5,2004,concrete,residential
Metropolitan Life North Building,New York City  ,137.5,1950,steel,office
Renaissance Dallas Hotel,Dallas  ,137.5,1983,,hotel
AT&T Center,Los Angeles  ,137.8,1965,steel,office
Las Olas River House I,Fort Lauderdale  ,137.8,2004,concrete,residential
Roanoke Building,Chicago  ,137.8,1927,steel,office
One Allen Center,Houston  ,137.8,1972,,office
The Dylan,New York City  ,137.8,2013,concrete,residential
William R. Snodgrass Tennessee Tower,Nashville  ,137.8,1970,concrete,office
High Street Tower,Boston  ,137.8,1990,steel,office
510 Madison,New York City  ,137.9,2010,steel,office
Spire,Atlanta  ,138,2005,concrete,residential
ABN AMRO Plaza,Chicago  ,138.1,2003,composite,office
Turnberry Towers - East Tower,Las Vegas  ,138.1,2007,concrete,hotel
Turnberry Towers - West Tower,Las Vegas  ,138.1,2008,concrete,residential
600 North Lake Shore Drive - North Tower,Chicago  ,138.1,2008,concrete,residential
53rd at Third,New York City  ,138.1,1986,steel,office
Equitable Building,Atlanta  ,138.1,1967,,office
717 Texas Avenue,Houston  ,138.2,2003,concrete,office
909 Walnut,Kansas City  ,138.3,1931,steel,office
400 North LaSalle,Chicago  ,138.4,2005,concrete,residential
Equitable Life Building,Los Angeles  ,138.4,1969,steel,office
7 Bryant Park,New York City  ,138.4,2016,composite,office
Trump SoHo Hotel Condominium,New York City  ,138.4,2010,concrete,hotel
Eleven-Eleven Third Avenue,Seattle  ,138.4,1980,steel,office
Wells Fargo Tower,Birmingham (AL)  ,138.4,1986,,office
Rivergate Tower,Tampa  ,138.4,1988,,office
Commerce Place,Baltimore  ,138.4,1992,,office
Regions Center,Little Rock  ,138.4,1975,,office
City Hall,Los Angeles  ,138.4,1928,steel,office
Accenture Tower,Minneapolis  ,138.5,1987,concrete,office
The Monaco North Tower,Jersey City  ,138.7,2011,concrete,residential
The Monaco South Tower,Jersey City  ,138.7,2011,concrete,residential
The Ritz Plaza,New York City  ,138.7,1990,,residential
Olive 8,Seattle  ,138.7,2009,concrete,residential / hotel
150 West Jefferson,Detroit  ,138.7,1989,,office
The Pinnacle Marina Tower,San Diego  ,138.7,2005,concrete,residential
Paramount Building,New York City  ,138.7,1927,steel,office
Kingsbury Plaza,Chicago  ,138.8,2007,concrete,residential
One Union Square,Seattle  ,139,1981,steel,office
Trump Parc Condominiums,New York City  ,139,1930,steel,hotel
AEP Building,Columbus  ,139,1983,,office
Atlantic Wharf,Boston  ,139,2011,composite,residential / office
2100 Ross,Dallas  ,139,1982,,office
66 Rockwell Place,New York City  ,139.3,2014,concrete,residential
Swissotel Chicago,Chicago  ,139.3,1989,concrete,hotel
The Water Club at Borgata,Atlantic City  ,139.3,2008,concrete,hotel / casino
Equitable Building,Chicago  ,139.3,1965,steel,office
600 North Fairbanks,Chicago  ,139.5,2008,concrete,residential
Palms Fantasy Tower,Las Vegas  ,139.6,2006,concrete,hotel / casino
The Residences at Grand Plaza,Chicago  ,139.6,2003,concrete,residential
Park Tower,Tampa  ,139.6,1972,steel,office
8 Stone Street,New York City  ,139.7,2010,concrete,hotel
One State Street Plaza,New York City  ,139.9,1969,,office
Ivanpah Solar Electric Generating System Tower 1,Primm (),139.9,2013,steel,industrial
Ivanpah Solar Electric Generating System Tower 2,Primm (),139.9,2013,steel,industrial
Ivanpah Solar Electric Generating System Tower 3,Primm (),139.9,2013,steel,industrial
Centennial Tower,Atlanta  ,140,1976,,office
Ruan Center,Des Moines  ,140.1,1975,steel,office
Leighton House Residence Tower,New York City  ,140.2,1990,,residential
One Miami East Tower,Miami  ,140.2,2005,concrete,residential
Symphony House Apartments,New York City  ,140.2,1986,,residential
747 3rd Avenue,New York City  ,140.2,1972,,office
100 North Main Street,Winston-Salem  ,140.2,1995,steel,office
Element,Tampa  ,140.2,2009,concrete,residential
Louisiana State Capitol,Baton Rouge  ,140.2,1932,steel,office
Chicago Marriott,Chicago  ,140.2,1978,,hotel
The Tower,Burbank  ,140.2,1988,concrete,office
JW Essex House,New York City  ,140.5,1931,steel,residential / hotel
Trump Towers I,Sunny Isles Beach  ,140.5,2008,concrete,residential
Trump Towers II,Sunny Isles Beach  ,140.5,2008,concrete,residential
Trump Towers III,Sunny Isles Beach  ,140.5,2008,concrete,residential
480 Washington Boulevard,Jersey City  ,140.5,2004,steel,office
The New York,Chicago  ,140.5,1986,concrete,residential
Presidential Towers I,Chicago  ,140.6,1985,concrete,residential
Presidential Towers II,Chicago  ,140.6,1985,concrete,residential
Presidential Towers III,Chicago  ,140.6,1985,concrete,residential
Presidential Towers IV,Chicago  ,140.6,1985,concrete,residential
Smith Tower,Seattle  ,140.8,1914,steel,office
Montague-Court Building,New York City  ,140.8,1927,steel,office
121 West Trade,Charlotte  ,140.8,1990,,office
Monarch Condominiums,New York City  ,140.8,1986,,residential
Arco Tower,Los Angeles  ,140.8,1989,,office
Victory Apartments,New York City  ,140.9,2002,concrete,residential
Randolph Tower,Chicago  ,141,1929,steel,office
The Atlas,New York City  ,141.1,2002,,residential
22 Cortlandt Street,New York City  ,141.1,1971,,office
Tribune Tower,Chicago  ,141.1,1925,steel,office
200 North Dearborn Apartments,Chicago  ,141.1,1989,concrete,residential
"Dillon, Read & Company Building",New York City  ,141.4,1982,,office
Franklin County Courthouse,Columbus  ,141.4,1991,steel,government
The Oxford on 72nd,New York City  ,141.5,1990,,residential
The Marc,New York City  ,141.6,2004,concrete,residential
National Newark Building,Newark  ,141.7,1931,steel,office
5 Greenway Plaza,Houston  ,141.7,1973,,office
The Sterling,Chicago  ,142,2001,concrete,residential / retail
500 Park Tower,New York City  ,142,1984,,residential / office
650 California Street,San Francisco  ,142,1964,steel,office
Allure Las Vegas Tower I,Las Vegas  ,142,2007,concrete,residential
Coast at Lakeshore East,Chicago  ,142.2,2013,concrete,residential
AT&T Tower,Minneapolis  ,142.3,1991,steel,office
VIA 57 WEST,New York City  ,142.3,2016,concrete,residential
Melody at Arsht Center,Miami  ,142.3,2016,concrete,residential / retail
U.S. Bancorp Center,Minneapolis  ,142.5,2000,steel,office
Columbus Plaza,Chicago  ,142.7,1980,concrete,residential
Scripps Center,Cincinnati  ,142.7,1990,steel,office
The Carlyle,Minneapolis  ,142.9,2007,concrete,residential
"Roosevelt University Academic, Student Life Residence Center",Chicago  ,143,2012,steel/concrete,residential / education / office
3630 Peachtree Road,Atlanta  ,143,2010,concrete,residential / office
900 3rd Avenue,New York City  ,143,1983,,office
Trump Taj Mahal - Chairman Tower,Atlantic City  ,143.2,2008,concrete,hotel
1100 Millicento Residences,Miami  ,143.3,2015,concrete,residential
Times Square Doubletree Hotel,New York City  ,143.3,1990,concrete/steel,hotel
Aire,New York City  ,143.3,2010,concrete,residential
Wyndham New Yorker Hotel,New York City  ,143.3,1930,steel,hotel
City Place,Chicago  ,143.3,1990,concrete,office / hotel
Hampshire House,New York City  ,143.3,1931,steel,hotel
Capitol-EMI Building,New York City  ,143.3,1971,,office
"Continuum on South Beach, South Tower",Miami Beach  ,143.5,2002,concrete,residential
Wells Fargo Place,St. Paul  ,143.6,1987,concrete,office
The Link,New York City  ,143.6,2007,concrete,residential
325 5th Avenue,New York City  ,143.6,2006,concrete,residential
Hotel InterContinental,Chicago  ,143.6,1929,steel,hotel
Solow Tower Apartments,New York City  ,143.9,1971,,residential
505 West 37th Street East Tower,New York City  ,143.9,2010,concrete,residential
Park Avenue Place,New York City  ,143.9,2004,concrete,residential
United States Plywood Building,New York City  ,143.9,1961,steel,office
333 Market Building,San Francisco  ,144,1979,steel,office
Marymount University Dormitory,New York City  ,144.2,2001,concrete,residential
Harper & Row Building,New York City  ,144.2,1972,,office
12 Metrotech Center,New York City  ,144.2,2005,steel,office / government
International Plaza,New York City  ,144.2,1988,,office
One South Broad,Philadelphia  ,144.4,1932,steel,office
Plaza 440,Chicago  ,144.5,1991,concrete,residential / hotel
American Furniture Mart,Chicago  ,144.5,1926,concrete/steel,office
Plaza VII,Minneapolis  ,144.6,1987,steel,hotel / office
Millennium Place Tower 1,Boston  ,144.8,2001,,residential / hotel
135W52,New York City  ,144.8,2015,concrete,residential
Electra,San Diego  ,144.8,2008,steel/concrete,residential
The Murano,Philadelphia  ,144.8,2008,concrete,residential
Hilton Times Square,New York City  ,144.8,2000,,hotel
Book Tower,Detroit  ,144.8,1926,steel,office
The Signature at MGM Grand Tower I,Las Vegas  ,144.8,2006,concrete,residential
The Signature at MGM Grand Tower II,Las Vegas  ,144.8,2006,concrete,residential
The Signature at MGM Grand Tower III,Las Vegas  ,144.8,2007,concrete,residential
Metropolitan Tower,Chicago  ,144.8,1924,steel,office
Cook County Administration Building,Chicago  ,144.8,1964,concrete,office
Venetian Resort-Hotel-Casino,Las Vegas  ,144.8,1999,concrete,hotel / casino
Koppers Building,Pittsburgh  ,144.8,1929,steel,office
Riverbank West Apartments,New York City  ,145,1987,,office
45 Fremont Center,San Francisco  ,145,1979,steel,office
Prism Tower,New York City  ,145,2015,concrete,residential
100 Pine Center,San Francisco  ,145.1,1972,steel,office
One State Street Plaza,New York City  ,139.9,1969,,office
Ivanpah Solar Electric Generating System Tower 1,Primm (),139.9,2013,steel,industrial
Ivanpah Solar Electric Generating System Tower 2,Primm (),139.9,2013,steel,industrial
Ivanpah Solar Electric Generating System Tower 3,Primm (),139.9,2013,steel,industrial
Centennial Tower,Atlanta  ,140,1976,,office
Ruan Center,Des Moines  ,140.1,1975,steel,office
Leighton House Residence Tower,New York City  ,140.2,1990,,residential
One Miami East Tower,Miami  ,140.2,2005,concrete,residential
Symphony House Apartments,New York City  ,140.2,1986,,residential
747 3rd Avenue,New York City  ,140.2,1972,,office
100 North Main Street,Winston-Salem  ,140.2,1995,steel,office
Element,Tampa  ,140.2,2009,concrete,residential
Louisiana State Capitol,Baton Rouge  ,140.2,1932,steel,office
Chicago Marriott,Chicago  ,140.2,1978,,hotel
The Tower,Burbank  ,140.2,1988,concrete,office
JW Essex House,New York City  ,140.5,1931,steel,residential / hotel
Trump Towers I,Sunny Isles Beach  ,140.5,2008,concrete,residential
Trump Towers II,Sunny Isles Beach  ,140.5,2008,concrete,residential
Trump Towers III,Sunny Isles Beach  ,140.5,2008,concrete,residential
480 Washington Boulevard,Jersey City  ,140.5,2004,steel,office
The New York,Chicago  ,140.5,1986,concrete,residential
Presidential Towers I,Chicago  ,140.6,1985,concrete,residential
Presidential Towers II,Chicago  ,140.6,1985,concrete,residential
Presidential Towers III,Chicago  ,140.6,1985,concrete,residential
Presidential Towers IV,Chicago  ,140.6,1985,concrete,residential
Smith Tower,Seattle  ,140.8,1914,steel,office
Montague-Court Building,New York City  ,140.8,1927,steel,office
121 West Trade,Charlotte  ,140.8,1990,,office
Monarch Condominiums,New York City  ,140.8,1986,,residential
Arco Tower,Los Angeles  ,140.8,1989,,office
Victory Apartments,New York City  ,140.9,2002,concrete,residential
Randolph Tower,Chicago  ,141,1929,steel,office
The Atlas,New York City  ,141.1,2002,,residential
22 Cortlandt Street,New York City  ,141.1,1971,,office
Tribune Tower,Chicago  ,141.1,1925,steel,office
200 North Dearborn Apartments,Chicago  ,141.1,1989,concrete,residential
"Dillon, Read & Company Building",New York City  ,141.4,1982,,office
Franklin County Courthouse,Columbus  ,141.4,1991,steel,government
The Oxford on 72nd,New York City  ,141.5,1990,,residential
The Marc,New York City  ,141.6,2004,concrete,residential
National Newark Building,Newark  ,141.7,1931,steel,office
5 Greenway Plaza,Houston  ,141.7,1973,,office
The Sterling,Chicago  ,142,2001,concrete,residential / retail
500 Park Tower,New York City  ,142,1984,,residential / office
650 California Street,San Francisco  ,142,1964,steel,office
Allure Las Vegas Tower I,Las Vegas  ,142,2007,concrete,residential
Coast at Lakeshore East,Chicago  ,142.2,2013,concrete,residential
AT&T Tower,Minneapolis  ,142.3,1991,steel,office
VIA 57 WEST,New York City  ,142.3,2016,concrete,residential
Melody at Arsht Center,Miami  ,142.3,2016,concrete,residential / retail
U.S. Bancorp Center,Minneapolis  ,142.5,2000,steel,office
Columbus Plaza,Chicago  ,142.7,1980,concrete,residential
Scripps Center,Cincinnati  ,142.7,1990,steel,office
The Carlyle,Minneapolis  ,142.9,2007,concrete,residential
"Roosevelt University Academic, Student Life Residence Center",Chicago  ,143,2012,steel/concrete,residential / education / office
3630 Peachtree Road,Atlanta  ,143,2010,concrete,residential / office
900 3rd Avenue,New York City  ,143,1983,,office
Trump Taj Mahal - Chairman Tower,Atlantic City  ,143.2,2008,concrete,hotel
1100 Millicento Residences,Miami  ,143.3,2015,concrete,residential
Times Square Doubletree Hotel,New York City  ,143.3,1990,concrete/steel,hotel
Aire,New York City  ,143.3,2010,concrete,residential
Wyndham New Yorker Hotel,New York City  ,143.3,1930,steel,hotel
City Place,Chicago  ,143.3,1990,concrete,office / hotel
Hampshire House,New York City  ,143.3,1931,steel,hotel
Capitol-EMI Building,New York City  ,143.3,1971,,office
"Continuum on South Beach, South Tower",Miami Beach  ,143.5,2002,concrete,residential
Wells Fargo Place,St. Paul  ,143.6,1987,concrete,office
The Link,New York City  ,143.6,2007,concrete,residential
325 5th Avenue,New York City  ,143.6,2006,concrete,residential
Hotel InterContinental,Chicago  ,143.6,1929,steel,hotel
Solow Tower Apartments,New York City  ,143.9,1971,,residential
505 West 37th Street East Tower,New York City  ,143.9,2010,concrete,residential
Park Avenue Place,New York City  ,143.9,2004,concrete,residential
United States Plywood Building,New York City  ,143.9,1961,steel,office
333 Market Building,San Francisco  ,144,1979,steel,office
Marymount University Dormitory,New York City  ,144.2,2001,concrete,residential
Harper & Row Building,New York City  ,144.2,1972,,office
12 Metrotech Center,New York City  ,144.2,2005,steel,office / government
International Plaza,New York City  ,144.2,1988,,office
One South Broad,Philadelphia  ,144.4,1932,steel,office
Plaza 440,Chicago  ,144.5,1991,concrete,residential / hotel
American Furniture Mart,Chicago  ,144.5,1926,concrete/steel,office
Plaza VII,Minneapolis  ,144.6,1987,steel,hotel / office
Millennium Place Tower 1,Boston  ,144.8,2001,,residential / hotel
135W52,New York City  ,144.8,2015,concrete,residential
Electra,San Diego  ,144.8,2008,steel/concrete,residential
The Murano,Philadelphia  ,144.8,2008,concrete,residential
Hilton Times Square,New York City  ,144.8,2000,,hotel
Book Tower,Detroit  ,144.8,1926,steel,office
The Signature at MGM Grand Tower I,Las Vegas  ,144.8,2006,concrete,residential
The Signature at MGM Grand Tower II,Las Vegas  ,144.8,2006,concrete,residential
The Signature at MGM Grand Tower III,Las Vegas  ,144.8,2007,concrete,residential
Metropolitan Tower,Chicago  ,144.8,1924,steel,office
Cook County Administration Building,Chicago  ,144.8,1964,concrete,office
Venetian Resort-Hotel-Casino,Las Vegas  ,144.8,1999,concrete,hotel / casino
Koppers Building,Pittsburgh  ,144.8,1929,steel,office
Riverbank West Apartments,New York City  ,145,1987,,office
45 Fremont Center,San Francisco  ,145,1979,steel,office
Prism Tower,New York City  ,145,2015,concrete,residential
100 Pine Center,San Francisco  ,145.1,1972,steel,office
Loews Philadelphia Hotel,Philadelphia  ,150,1932,steel,office
Fox Plaza,Los Angeles  ,150,1987,,office
Pacific Gas & Electric Building,San Francisco  ,150,1971,steel,office
The Colonnade,New York City  ,150.3,1982,,residential
Hilton San Francisco Union Square,San Francisco  ,150.3,1971,steel,hotel
1000 Second Avenue,Seattle  ,150.3,1986,steel,office
First National Center,Oklahoma City  ,150.3,1931,steel,office
William Donald Schaefer Tower,Baltimore  ,150.3,1992,,office
PNC Centre,Chicago  ,150.5,1992,,office
Tower 67 Apartments,New York City  ,150.6,1986,,residential
50 East Chestnut Street,Chicago  ,150.7,2008,concrete,residential
1675 Broadway,New York City  ,150.8,1990,,office
55 West Monroe,Chicago  ,150.9,1980,concrete,office
Ontario Place,Chicago  ,150.9,1983,concrete,residential
Avenue Brickell Tower,Miami  ,150.9,2007,concrete,residential
333 Bush Street,San Francisco  ,150.9,1986,steel,residential / office
PNC Tower,Cincinnati  ,150.9,1913,steel,office
John Hancock Building,Boston  ,150.9,1949,steel,office
The Ritz-Carlton Residences,Chicago  ,150.9,2012,concrete,residential
Guardian Building,Detroit  ,151,1929,steel,office
20 Pine,New York City  ,151,1928,steel,office
100 East Wisconsin,Milwaukee  ,151,1989,,office
1 Battery Park Plaza,New York City  ,151,1971,,office
The Platinum,New York City  ,151.2,2008,concrete,residential
Financial Times Building,New York City  ,151.2,1965,steel,office
388 Greenwich Street,New York City  ,151.2,1988,,office
1100 Wilshire,Los Angeles  ,151.2,1987,,residential
Marriott's Custom House,Boston  ,151.2,1915,steel,office
80 Pine Street,New York City  ,151.5,1960,steel,office
500 North Lake Shore Drive,Chicago  ,151.5,2013,concrete,residential
Manchester Grand Hyatt Hotel,San Diego  ,151.5,1992,concrete,hotel
Parkview West,Chicago  ,151.6,2008,concrete,residential
Ameriprise Financial Center,Minneapolis  ,151.6,2000,steel/concrete,office
The St. James,Philadelphia  ,151.8,2004,concrete,residential
The Modern Tower A,Fort Lee  ,151.8,2014,concrete,residential
Barclay-Vesey Building,New York City  ,151.8,1926,steel,office
650 Fifth Avenue,New York City  ,152,1978,,office
Symphony Towers,San Diego  ,152,1989,,office
200 South Wacker,Chicago  ,152.3,1981,concrete,office
Bristol Plaza,New York City  ,152.4,1987,,residential
One Columbus Place Tower I,New York City  ,152.4,1999,concrete,residential
One Columbus Place Tower II,New York City  ,152.4,1999,concrete,residential
Sky Las Vegas,Las Vegas  ,152.4,2007,concrete,residential
1818 Market Street,Philadelphia  ,152.4,1974,steel,office
28 State Street,Boston  ,152.4,1970,steel,office
Telesis Tower,San Francisco  ,152.4,1982,steel,office
1918 8th Avenue,Seattle  ,152.4,2009,,office / retail
Chase Tower,Oklahoma City  ,152.4,1971,,office
Four World Financial Center,New York City  ,152.4,1986,steel,office
One America Plaza,San Diego  ,152.4,1991,steel,office
The Tides at Lakeshore East,Chicago  ,152.4,2008,concrete,residential
1450 BRICKELL,Miami  ,152.5,2010,concrete,office
Sheraton New York,New York City  ,152.7,1962,concrete,hotel
Wind,Miami  ,152.7,2008,concrete,residential
120 North LaSalle,Chicago  ,152.7,1992,concrete,office
World Apparel Center,New York City  ,152.7,1968,steel,office
10 South LaSalle,Chicago  ,152.7,1986,composite,office
One Park Place,Houston  ,152.7,2009,concrete,residential
Viewpoint,Atlanta  ,152.7,2008,concrete,residential
Tower 46,New York City  ,152.7,2013,steel,office
Hudson Greene West Tower,Jersey City  ,152.8,2010,concrete,residential
One Superior Place,Chicago  ,152.9,1999,concrete,residential
1325 Ave. of Americas,New York City  ,153,1989,,office
El Paso Energy Building,Houston  ,153,1962,steel,office
Met 2 Marriott Marquis,Miami  ,153.1,2010,concrete,hotel
Johns-Manville Building,New York City  ,153.3,1931,steel,office
Bank of America Plaza,Charlotte  ,153.3,1974,steel,office
60 Broad Street,New York City  ,153.3,1962,steel,office
Carbide & Carbon Building,Chicago  ,153.3,1929,steel,office
Lefcourt National Building,New York City  ,153.3,1928,steel,office
State Street Financial Center,Boston  ,153.3,2003,steel,office
The Huntington,Houston  ,153.3,1982,,residential
400 East Ohio Street,Chicago  ,153.3,1982,concrete,residential
Reach,Miami  ,153.3,2016,concrete,residential
Fifth Street Towers II,Minneapolis  ,153.5,1988,composite,office
Vern Riffe Center for Govermnment and the Arts,Columbus  ,153.5,1989,steel,office
2 New York Plaza,New York City  ,153.6,1970,,office
One Indiana Square,Indianapolis  ,153.6,1969,steel,office
The Beach Club Tower 2,Hallandale Beach  ,153.9,2006,concrete,residential
The Sheffield,New York City  ,153.9,1978,,residential
One United Nations Plaza,New York City  ,153.9,1975,steel,hotel / office
Two United Nations Plaza,New York City  ,153.9,1981,steel,hotel / office
810 7th Avenue,New York City  ,154.2,1970,steel,office
10 Universal City Plaza,Los Angeles  ,154.2,1984,steel,office
United Nations Secretariat Building,New York City  ,154.3,1953,steel,office
555 17th Street,Denver  ,154.5,1978,,office
One Beacon Street,Boston  ,154.5,1972,steel,office
The Westin Virginia Beach Town Center & Residences,Virginia Beach  ,154.8,2007,concrete,residential / hotel
BrickellHouse,Miami  ,155,2014,concrete,residential
Renaissance Center 100 Tower,Detroit  ,155,1976,concrete,office
Renaissance Center 200 Tower,Detroit  ,155,1976,concrete,office
Renaissance Center 300 Tower,Detroit  ,155,1976,concrete,office
Renaissance Center 400 Tower,Detroit  ,155,1976,concrete,office
Hudson Greene East Tower,Jersey City  ,155.1,2010,concrete,residential
215 West,Chicago  ,155.1,2010,concrete,residential
Sixty State Street,Boston  ,155.2,1977,,office
Bank of America Building,Baltimore  ,155.2,1924,steel,office
KOIN Center,Portland  ,155.2,1984,concrete,multiple
Stephen P. Clark Center,Miami  ,155.4,1985,,office
Liberty Plaza,New York City  ,155.4,2004,concrete,residential
Exchange Place,Boston  ,155.5,1984,,office
321 North Clark Street,Chicago  ,155.5,1987,,office
Harris Bank Bank Addition II,Chicago  ,155.5,1974,steel,office
Bellagio Resort & Casino,Las Vegas  ,155.8,1998,,hotel / casino
Continental Building,New York City  ,155.8,1931,steel,office
1155 Avenue of the Americas,New York City  ,155.8,1984,steel,office
K & L Gates Center,Pittsburgh  ,155.8,1968,steel,office
Methodist Outpatient Care Center,Houston  ,156.1,2010,,hospital
The Belaire,New York City  ,156.1,1988,,residential
Millennium Towers North,New York City  ,156.1,1930,steel,office
One Hanson Place,New York City  ,156.1,1929,steel,office
1407 Broadway,New York City  ,156.1,1950,steel,office
International Building,New York City  ,156.1,1935,steel,office
LaSalle-Wacker Building,Chicago  ,156.1,1930,steel,office
437 Madison Avenue,New York City  ,156.1,1967,steel,office
Bryan Tower,Dallas  ,156.1,1973,steel,office
Fourth and Madison Building,Seattle  ,156.1,2003,composite,office
PNC Tower,Louisville  ,156.1,1972,steel,office
Huntington Center,Columbus  ,156.1,1983,,office
The Ivy,Miami  ,156.2,2008,concrete,residential
Park Tower Condominiums,Chicago  ,156.3,1973,concrete,residential
1214 Fifth Avenue,New York City  ,156.4,2012,concrete,residential / office
600 North Lake Shore Drive - South Tower,Chicago  ,156.4,2009,concrete,residential
Mid-Continent Tower,Tulsa  ,156.4,1984,steel,office
Bank of New York Building,New York City  ,156.4,1927,steel,office
The Streeter,Chicago  ,156.7,2007,concrete,residential
Rainier Tower,Seattle  ,156.7,1977,steel,office
401 East Ontario Street,Chicago  ,157,1990,concrete,residential
Sterling Drug Company Building,New York City  ,157,1964,steel,office
One Financial Place,Chicago  ,157,1985,,office
Seagram Building,New York City  ,157,1958,steel,office
Exchange Place Center,Jersey City  ,157.1,1990,steel,office
Frost Bank Tower,Austin  ,157.2,2004,concrete,office
Highpoint Condominiums,New York City  ,157.3,1988,concrete,residential
"EAST, Miami",Miami  ,157.3,2016,concrete,serviced apartments / hotel
First Place Tower,Tulsa  ,157.3,1975,,office
Union Bank Plaza,Los Angeles  ,157.3,1967,steel,office / retail
Icon,New York City  ,157.4,2009,concrete,residential
191 North Wacker Drive,Chicago  ,157.4,2002,composite,office
TCW Tower,Los Angeles  ,157.6,1990,steel,office
The Columbian,Chicago  ,157.7,2008,concrete,residential
Palms Place,Las Vegas  ,157.8,2008,concrete,residential / hotel
The Residences at the Ritz-Carlton,Philadelphia  ,157.9,2009,concrete,residential
Architect`s and Designer`s Building,New York City  ,157.9,1969,,office
The Downtown Club,New York City  ,157.9,1930,steel,residential / other
Total Plaza,Houston  ,157.9,1971,,office
Newsweek Building,New York City  ,158,1931,steel,office
75 Wall,New York City  ,158,2010,,residential / hotel
RRI Energy Plaza,Houston  ,158,2003,concrete,office
Santa Maria,Miami  ,158.5,1997,concrete,residential
Rise,Miami  ,158.5,2016,concrete,residential
Three Mellon Center,Pittsburgh  ,158.5,1951,steel,office
10 South Wacker,Chicago  ,158.5,1987,concrete,office
30 South Wacker,Chicago  ,158.5,1983,concrete,office
One Federal Street,Boston  ,158.5,1976,steel,office
26 Broadway,New York City  ,158.5,1924,steel,office
Atelier,New York City  ,158.8,2007,concrete,residential
Devon Energy Center,Houston  ,158.8,1978,,office
Mather Tower,Chicago  ,158.9,1928,steel,office
707 17th Street,Denver  ,159.1,1981,,hotel / office
Kemper Building,Chicago  ,159.1,1962,steel,office
825 Third Avenue,New York City  ,159.1,1969,steel,office
Goodwin Square,Hartford  ,159.1,1990,,office
35 East Wacker Drive,Chicago  ,159.4,1927,steel,office
Pennzoil Place I,Houston  ,159.4,1976,composite,office
Pennzoil Place II,Houston  ,159.4,1976,composite,office
Mercantile Building,Dallas  ,159.4,1943,steel,office
River Plaza,Chicago  ,159.7,1977,concrete,residential
Citibank Building,New York City  ,159.7,1961,steel,office
Amazon Tower I,Seattle  ,159.7,2016,composite,office
425 Market Street,San Francisco  ,159.7,1973,steel,office
Harrah`s Waterfront Tower,Atlantic City  ,160,2008,concrete,hotel / casino
Carter+Burgess Plaza,Fort Worth  ,160,1982,,office
One Post Office Square,Boston  ,160,1981,,office
Suntrust Financial Center,Tampa  ,160,1992,,office
Plaza on Brickell Tower II,Miami  ,160,2007,concrete,residential
City Point Tower II,New York City  ,160,2016,concrete,residential
Hotel Pierre,New York City  ,160,1928,steel,hotel
767 3rd Avenue,New York City  ,160,1980,steel,office
North American Plywood Building,New York City  ,160.3,1972,steel,office
Vehicle Assembly Building,Cape Canaveral  ,160.3,1965,steel,industrial
Travelers Tower,Hartford  ,160.6,1919,steel,office
William Beaver House,New York City  ,160.8,2010,concrete,residential
Jade at Brickell Bay,Miami  ,160.9,2004,concrete,residential
The Metropolis,New York City  ,160.9,2001,concrete,residential
Elysees Condominiums,Chicago  ,161.2,1973,concrete,residential / retail
New York New York Hotel & Casino,Las Vegas  ,161.2,1997,,hotel / casino
Tower at Erieview,Cleveland  ,161.2,1964,steel,office
Transamerica Tower,Baltimore  ,161.2,1973,concrete,office
First Market Tower,San Francisco  ,161.2,1972,steel,office
McKesson Plaza,San Francisco  ,161.2,1969,steel,office
One Seneca Tower,Buffalo  ,161.2,1974,,office
21 West End Avenue,New York City  ,161.2,2016,concrete,residential
70 Columbus,Jersey City  ,161.4,2015,concrete,residential
One East River Place,New York City  ,161.5,1989,,residential
Ten Museum Park,Miami  ,161.5,2007,concrete,residential
One North LaSalle Street,Chicago  ,161.6,1930,steel,office
Energy Centre,New Orleans  ,161.6,1984,,office
William Green Building,Columbus  ,161.6,1990,steel,office
Park Place Tower,Chicago  ,161.9,1971,concrete,residential
Plaza Tower,New Orleans  ,161.9,1968,steel,abandoned
Newport Tower,Jersey City  ,161.9,1990,steel,office
The Brooklyner,New York City  ,162,2010,concrete,residential
515 Park Avenue,New York City  ,162,1999,concrete,residential
Trump Plaza Residences,Jersey City  ,162.2,2008,concrete,residential
Westin New York at Times Square,New York City  ,162.2,2002,concrete,hotel
DuMont Building,New York City  ,162.2,1931,steel,office
2929 Weslayan,Houston  ,162.5,2015,concrete,residential
The Encore,New York City  ,162.5,2016,concrete,residential
1700 Broadway,New York City  ,162.5,1969,steel,office
AIG Sun-America Center,Los Angeles  ,162.5,1989,,office
One America Tower,Indianapolis  ,162.5,1982,steel,office
Ernst & Young Plaza,Los Angeles  ,162.8,1986,steel,office
The Pinnacle,Chicago  ,163.1,2004,concrete,residential
LaSalle National Bank,Chicago  ,163.1,1934,steel,office
Cathedral of Learning,Pittsburgh  ,163.1,1936,steel,education
City Place I,Hartford  ,163.1,1980,,office
Modis Tower,Jacksonville  ,163.1,1975,steel,office
Quantum on the Bay North Tower,Miami  ,163.4,2008,concrete,residential / office
U.S. Bancorp Tower,Portland  ,163.4,1983,steel,office
901 Fifth Avenue,Seattle  ,163.4,1973,steel,office
Park Avenue West,Portland  ,163.7,2016,composite,residential / office
Tribeca Tower,New York City  ,163.7,1990,concrete,residential
One Tampa City Center,Tampa  ,163.7,1981,,office
The Franklin - South Tower,Chicago  ,163.9,1992,,office
"Vizcayne, North Tower",Miami  ,164,2008,concrete,residential
"Vizcayne, South Tower",Miami  ,164,2008,concrete,residential
Two International Place,Boston  ,164,1993,steel,office
Lefcourt Colonial Building,New York City  ,164,1929,steel,office
Shaklee Terrace Building,San Francisco  ,164,1982,steel,office
RBC Plaza,Raleigh  ,164,2008,concrete,office
RBC Plaza,Minneapolis  ,164.1,1992,concrete,office
Mandarin Oriental Hotel Las Vegas,Las Vegas  ,164.3,2009,steel/concrete,residential / hotel
1285 Avenue of the Americas,New York City  ,164.6,1960,steel,office
"Eiffel Tower, Paris Las Vegas",Las Vegas  ,164.6,1998,steel,observation
14 Wall,New York City  ,164.6,1912,steel,office
1 Brooklyn Bridge Plaza,New York City  ,164.9,1976,,office
Ritz Hotel Tower,New York City  ,164.9,1926,steel,hotel
One Rincon Hill North Tower,San Francisco  ,165,2014,steel,residential
Viceroy,Miami  ,165.2,2009,concrete,residential / hotel
Grand Central Plaza,New York City  ,165.2,1973,steel,office
Memorial Hermann Tower,Houston  ,165.2,2009,concrete,office / hospital
220 Riverside Boulevard At Trump Place,New York City  ,165.3,2003,concrete,residential
17 State Street,New York City  ,165.3,1988,steel,office
Bank of America Fifth Avenue Plaza,Seattle  ,165.5,1981,steel,office
Opera Tower,Miami  ,165.5,2007,concrete,residential
2 Gold Street,New York City  ,165.5,2005,concrete,residential
AMLI River North,Chicago  ,165.5,2013,concrete,residential
1999 Broadway,Denver  ,165.8,1985,,office
The Galleria,New York City  ,165.8,1975,concrete,residential / office
Park Millennium,Chicago  ,165.9,2002,concrete,residential
Jade Ocean,Sunny Isles Beach  ,166,2009,concrete,residential
The Tower at PNC Plaza,Pittsburgh  ,166,2015,composite,office
Millennium Tower,New York City  ,166.1,1994,,residential
Transportation Building,New York City  ,166.1,1928,steel,office
The Corinthian,New York City  ,166.4,1988,concrete,residential
Simmons Tower,Little Rock  ,166.4,1986,,office
Wells Fargo Center,Portland  ,166.4,1973,steel,office
San Antonio Marriott Rivercenter,San Antonio  ,166.4,1988,concrete,hotel
D.R. Horton Tower,Fort Worth  ,166.7,1984,,office
50 United Nations Plaza,New York City  ,167,2015,concrete,residential
101 Hudson Street,Jersey City  ,167,1992,,office
Bankers Trust West Annex,New York City  ,167,1971,steel,office
400 West Market,Louisville  ,167.3,1992,composite,office
Hyatt Times Square,New York City  ,167.6,2013,concrete,residential / hotel
Acqualina Ocean Residences,Sunny Isles Beach  ,167.6,2004,concrete,residential
The Biltmore,New York City  ,167.6,2003,concrete,residential
1415 Louisiana,Houston  ,167.6,1983,steel,office
Trump Royale,Sunny Isles Beach  ,167.6,2008,concrete,residential
Sheraton Dallas Hotel Central Tower,Dallas  ,167.6,1959,steel,office
KBR Tower,Houston  ,167.6,1973,steel,office
One South Wacker,Chicago  ,167.6,1982,,office
The Tower at 15 Central Park West,New York City  ,167.6,2008,concrete,residential
2 Grand Central Tower,New York City  ,168,1982,,office
One Sansome Street,San Francisco  ,168,1984,steel,office
Pittsfield Building,Chicago  ,168,1927,steel,office
Unysys Building,New York City  ,168,1963,steel,office
Trump Palace,Sunny Isles Beach  ,168,2005,concrete,residential
Downtown by Philippe Starck,New York City  ,168,1927,steel,office
AT&T Long Lines Building,New York City  ,168,1974,steel,office / telecommunications
1133 Avenue of the Americas,New York City  ,168.3,1970,steel,office
Newberry Plaza,Chicago  ,168.6,1974,concrete,residential
Michigan Plaza South,Chicago  ,168.6,1985,concrete,office
30 North LaSalle,Chicago  ,168.6,1975,,office
Concourse Corporate Center VI,Sandy Springs  ,168.6,1991,,office
Streeter Place,Chicago  ,168.8,2009,concrete,residential
50 Biscayne,Miami  ,168.9,2007,concrete,residential / hotel
Marriott Marquis Hotel,Atlanta  ,168.9,1985,concrete,hotel
Quantum on the Bay South Tower,Miami  ,168.9,2008,concrete,residential / office
The Belvedere,New York City  ,168.9,1999,concrete,residential
Harbor Point,Chicago  ,169,1975,concrete,residential
Tower 111,New York City  ,169,2011,concrete,residential
Continental Center,New York City  ,169,1983,,office
Paramount at Edgewater Square,Miami  ,169.1,2009,concrete,residential
Reuters Building,New York City  ,169.2,2001,steel,office
Civic Opera Building,Chicago  ,169.2,1929,steel,office / other
330 Madison Avenue,New York City  ,169.2,1964,steel,office
Equitable Building,New York City  ,169.2,1915,steel,office
Leveque Tower,Columbus  ,169.3,1927,steel,office
The Parkshore,Chicago  ,169.5,1991,concrete,residential
North Harbor Tower,Chicago  ,169.5,1988,concrete,residential
VDARA,Las Vegas  ,169.5,2009,concrete,hotel
State of Georgia Building,Atlanta  ,169.5,1967,steel,office
3 Park Avenue,New York City  ,169.5,1975,,office
Thomas Eagleton Federal Courthouse,St. Louis  ,169.8,2000,,government
100 United Nations Plaza,New York City  ,169.8,1986,concrete,residential
Continental Can Building,New York City  ,169.8,1962,steel,office
South Park Tower,New York City  ,170,1986,concrete,residential
Blue Diamond Tower,Miami Beach  ,170.4,2000,concrete,residential
Green Diamond Tower,Miami Beach  ,170.4,2000,concrete,residential
Huron Plaza,Chicago  ,170.7,1983,concrete,residential
Nelson Tower,New York City  ,170.7,1931,steel,office
Tower at Cityplace,Dallas  ,170.7,1989,,office
Hotel Sherry-Netherland,New York City  ,170.7,1927,steel,hotel
Boeing International Headquarters,Chicago  ,170.7,1990,steel,office
Reunion Tower,Dallas  ,170.7,1978,concrete,observation
Museum Tower,Dallas  ,170.7,2013,concrete,residential
30 Broad Street,New York City  ,171,1932,steel,office
US Bank Plaza I,Minneapolis  ,171,1981,concrete,office
623 Fifth Avenue,New York City  ,171,1990,,office
Park Avenue Tower,New York City  ,171,1986,,office
Kluczynski Federal Building,Chicago  ,171.3,1974,steel,office
Marathon Oil Tower,Houston  ,171.3,1983,,office
New York Palace Hotel,New York City  ,171.6,1981,,hotel
Spear Tower,San Francisco  ,172,1976,steel,office
111 Huntington Avenue,Boston  ,172,2002,steel,office
Palmolive Building,Chicago  ,172.2,1929,steel,office
230 Park Avenue,New York City  ,172.2,1928,steel,office
44 Montgomery,San Francisco  ,172.3,1967,steel,office
Paramount Tower,New York City  ,172.8,1998,concrete,residential
Burnett Plaza,Fort Worth  ,172.9,1983,,office
The Ashland,New York City  ,173.1,2016,concrete,residential
450 Lexington Avenue,New York City  ,173.1,1991,steel,office
Chicago Temple Building,Chicago  ,173.1,1924,steel,office / religious
Penobscot Building,Detroit  ,173.3,1928,steel,office
Loews Chicago Hotel,Chicago  ,173.4,2015,concrete,residential / hotel
One Embarcadero Center,San Francisco  ,173.4,1970,steel,office
Onterie Center,Chicago  ,173.7,1986,concrete,residential / office
780 3rd Avenue,New York City  ,173.7,1983,concrete,office
Four Embarcadero Center,San Francisco  ,173.7,1984,steel,office
600 3rd Avenue,New York City  ,173.7,1971,steel,office
Concourse Corporate Center V,Sandy Springs  ,173.7,1988,,office
San Jacinto Monument,La Porte  ,173.7,1939,masonry,observation / other
One South Dearborn,Chicago  ,173.9,2005,composite,office
Century Plaza Tower I,Los Angeles  ,174,1975,,office
Century Plaza Tower II,Los Angeles  ,174,1975,,office
1290 Avenue of the Americas,New York City  ,174,1963,steel,office
Socony Mobil Building,New York City  ,174.4,1956,steel,office
Commerce Square #1,Philadelphia  ,174.4,1987,,office
Commerce Square #2,Philadelphia  ,174.4,1992,,office
190 South LaSalle,Chicago  ,174.7,1987,steel,office
575 Market Street,San Francisco  ,174.7,1975,steel,office
The Fordham,Chicago  ,174.8,2003,concrete,residential
Park Avenue Plaza,New York City  ,175,1981,,office
Journal Squared 3,Jersey City  ,175,2016,concrete,residential
Jade on the Beach,Sunny Isles Beach  ,175,2008,concrete,residential
Carew Tower,Cincinnati  ,175,1931,steel,office
New York Marriott Marquis Hotel,New York City  ,175,1985,steel,hotel
Wells Fargo Center,Seattle  ,175,1983,steel,office
299 Park Avenue,New York City  ,175,1967,steel,office
5 Times Square,New York City  ,175.3,2002,steel,office
300 Madison Avenue,New York City  ,175.3,2003,steel,office
Lehman Building,New York City  ,175.3,2001,steel,office
32 Old Slip,New York City  ,175.3,1987,,office
The Vue,Charlotte  ,175.5,2010,concrete,residential
Merchandise Mart,New York City  ,175.6,1973,steel,office
The Atlantic,Atlanta  ,175.9,2009,concrete,residential
520 Madison Avenue,New York City  ,175.9,1982,concrete/steel,office
Bank of America Plaza,Tampa  ,175.9,1986,,office
One World Financial Center,New York City  ,175.9,1985,steel,office
One California Plaza,Los Angeles  ,176.2,1985,steel,office
Ross Tower,Dallas  ,176.5,1984,concrete,office
Regions Building,Tampa  ,176.5,1992,steel,office
Two Houston Center,Houston  ,176.5,1974,steel,office
Citadel Center,Chicago  ,176.8,2003,steel,office
Stevens Tower,New York City  ,176.8,1971,steel,office
The Mansion on Peachtree,Atlanta  ,176.8,2008,concrete,residential / hotel
One AT&T Plaza,Dallas  ,176.8,1984,steel,office
Municipal Building,New York City  ,176.8,1914,steel,office
360 Condominiums,Austin  ,177.1,2008,concrete,residential
North Pier Apartments,Chicago  ,177.1,1990,concrete,residential
Campbell Mithun Tower,Minneapolis  ,177.2,1985,steel/concrete,office
Gulf Tower,Pittsburgh  ,177.4,1932,steel,office
Crain Communications Building,Chicago  ,177.4,1983,concrete,office
55 East Monroe,Chicago  ,177.6,2013,concrete,residential / office
Trump International Hotel & Tower,New York City  ,177.6,1970,steel,residential / hotel
W Times Square,New York City  ,177.9,2002,concrete,hotel
Icon Brickell North Tower,Miami  ,178.6,2008,concrete,residential
Icon Brickell South Tower,Miami  ,178.6,2008,concrete,residential
Time-Life Building,New York City  ,178.9,1959,steel,office
Jacob K. Javits Federal Building,New York City  ,178.9,1967,steel,office
The Millenium Hilton,New York City  ,179.2,1992,concrete,hotel
AT&T Center,St. Louis  ,179.2,1984,,abandoned
Citigroup Center,Chicago  ,179.2,1987,,office
One Wells Fargo Center,Charlotte  ,179.2,1988,steel,office
Marina City I,Chicago  ,179.2,1964,concrete,residential
Marina City II,Chicago  ,179.2,1964,concrete,residential
Sky House,New York City  ,179.3,2008,concrete,residential
Erastus Corning II Tower,Albany  ,179.5,1973,,office
The Clare,Chicago  ,179.5,2009,concrete,residential
Museum Tower,New York City  ,179.5,1985,,residential
1000 Lake Shore Plaza,Chicago  ,179.8,1964,concrete,residential
The London NYC,New York City  ,179.8,1990,,hotel
388 Bridge Street,New York City  ,179.8,2014,concrete,residential
One Financial Center,Boston  ,179.8,1984,steel,office
America Tower,Houston  ,179.8,1983,,office
Thurgood Marshall U.S. Court House,New York City  ,179.8,1936,steel,office
Town Pavilion,Kansas City  ,180.1,1986,,office
100 Federal Street,Boston  ,180.1,1971,,office
Celanese Building,New York City  ,180.4,1973,steel,office
One Metropolitan Square,St. Louis  ,180.8,1988,composite,office
The Grant,Chicago  ,181.3,2010,concrete,residential
3 Lincoln Center,New York City  ,181.4,1993,,residential / office
Planet Hollywood Towers,Las Vegas  ,182,2009,concrete,residential / hotel
Hearst Tower,New York City  ,182,2006,steel,office
Russell Investments Center,Seattle  ,182.2,2006,steel,office / commercial
Republic Center Tower II,Dallas  ,182.3,1964,steel,office
Hawthorn Park,New York City  ,182.3,2014,concrete,residential
Madison Plaza,Chicago  ,182.5,1982,steel,office
SLS Brickell,Miami  ,182.6,2016,concrete,residential / hotel
1166 Avenue of the Americas,New York City  ,182.9,1974,steel,office
Aria Resort & Casino,Las Vegas  ,182.9,2009,concrete,hotel / casino
One International Place,Boston  ,182.9,1987,steel,office
1500 Louisiana Street,Houston  ,182.9,2002,steel,office
Heller International Tower,Chicago  ,182.9,1992,concrete,office
101 California Street,San Francisco  ,183,1982,steel,office
50 Fremont Center,San Francisco  ,183,1985,steel,office
Eleven Times Square,New York City  ,183.1,2011,composite,office
Epic Residences & Hotel,Miami  ,183.2,2009,concrete,residential / hotel
CNA Plaza,Chicago  ,183.2,1972,steel,office
U.S. Bank Center,Milwaukee  ,183.2,1973,steel,office
BNY Mellon Center at One Boston Place,Boston  ,183.2,1970,steel,office
One Prudential Plaza,Chicago  ,183.2,1955,steel,office
250 West 55th Street,New York City  ,183.4,2013,steel,office
Gables Republic Tower,Dallas  ,183.5,1954,steel,office
The Hub,New York City  ,183.6,2016,concrete,residential
590 Madison Avenue,New York City  ,183.8,1983,steel,office
Federal Reserve Building,Boston  ,184,1978,,office
George Washington Bridge,New York City  ,184,1931,steel,bridge
Cosmopolitan Casino Spa Tower,Las Vegas  ,184,2010,concrete/steel,hotel
Cosmopolitan Casino Beach Club Tower,Las Vegas  ,184,2010,concrete/steel,residential
The Orion,New York City  ,184.1,2006,concrete,residential
One Rincon Hill South Tower,San Francisco  ,184.4,2008,concrete,residential
Chicago Board of Trade,Chicago  ,184.4,1930,steel,office
Space Needle,Seattle  ,184.4,1962,steel,observation
Baccarat Hotel & Residences,New York City  ,184.5,2015,concrete,residential / hotel
ExxonMobil Building,Houston  ,184.7,1963,steel,office
City Centre,Seattle  ,184.8,1989,steel,office
KPMG Tower,Los Angeles  ,184.8,1984,steel,office
Chicago Place,Chicago  ,185.3,1991,concrete,residential / retail
GLG Grand-Four Seasons,Atlanta  ,185.6,1992,,residential / hotel
Credit Lyonnais Building,New York City  ,185.6,1964,steel,office
Plaza on Brickell Tower I,Miami  ,185.9,2007,concrete,residential
Millennium Centre,Chicago  ,185.9,2003,concrete,residential
551 10th Avenue,New York City  ,186.5,2016,concrete,residential
OneEleven,Chicago  ,186.8,2014,concrete,residential
Eventi,New York City  ,187.2,2010,concrete,residential / hotel
Wynn Las Vegas,Las Vegas  ,187.2,2005,concrete,hotel / casino
The Epic,New York City  ,187.4,2007,concrete,residential
Tower 49,New York City  ,187.4,1985,steel/concrete,office
New York Life Building,New York City  ,187.5,1928,steel,office
Marina Blue,Miami  ,187.5,2007,concrete,residential
One Oxford Centre,Pittsburgh  ,187.5,1983,,office
750 Seventh Avenue,New York City  ,187.5,1989,,office
919 3rd Avenue,New York City  ,187.6,1970,,office
Fifth Avenue Place,Pittsburgh  ,187.8,1987,,office
Bank of America Tower,Jacksonville  ,188.1,1990,,office
AT&T Building,Nashville  ,188.1,1994,,office
425 5th Avenue,New York City  ,188.3,2003,concrete,residential
One Detroit Center,Detroit  ,188.7,1991,,office
Olympic Tower,New York City  ,189,1976,concrete/steel,residential / office
611 Place,Los Angeles  ,189,1968,steel,office
One Madison Park,New York City  ,189.3,2010,concrete,residential
Trump International Hotel & Tower 1,Las Vegas  ,189.6,2008,concrete,residential / hotel
Tower of the Americas,San Antonio  ,189.6,1968,concrete,observation
Trump Palace,New York City  ,189.9,1991,concrete,residential
One Kansas City Place,Kansas City  ,189.9,1988,concrete,office
353 North Clark,Chicago  ,190,2009,composite,office
Rhodes State Office Tower,Columbus  ,190.2,1973,,office
Avalon Willoughby Square,New York City  ,190.2,2015,concrete,residential
1345 Avenue of the Americas,New York City  ,190.5,1969,steel,office
Citigroup Center,Los Angeles  ,190.5,1979,steel,office
Miami Tower,Miami  ,190.5,1987,concrete,office
Waldorf Astoria New York,New York City  ,190.5,1931,steel,residential / hotel
G. Fred DiBona Jr. Building,Philadelphia  ,190.5,1990,,office
San Felipe Plaza,Houston  ,190.5,1984,,office
NBC Tower,Chicago  ,191.1,1989,,office
Central Park Place,New York City  ,191.4,1988,,residential
Elm Place,Dallas  ,191.4,1965,steel,office
888 7th Avenue,New York City  ,191.4,1971,steel,office
101 Park Avenue,New York City  ,191.7,1982,concrete,office
Energy Plaza,Dallas  ,191.7,1983,,office
Grace Plaza,New York City  ,192,1972,steel,office
Safeco Plaza,Seattle  ,192,1969,steel,office
801 Grand,Des Moines  ,192,1991,,office
Home Insurance Plaza,New York City  ,192,1966,steel,office
Infinity at Brickell,Miami  ,192,2008,concrete,residential / office
W New York Downtown Hotel & Residences,New York City  ,192.1,2010,concrete,residential / hotel
Encore,Las Vegas  ,192.3,2008,concrete,hotel
Mint at Riverfront,Miami  ,192.3,2009,concrete,residential
The Heritage at Millennium Park,Chicago  ,192.4,2005,concrete,residential
Mercantile Building,New York City  ,192.6,1929,steel,office
Langham Place,New York City  ,192.6,2010,concrete,residential / hotel
BG Group Place,Houston  ,192.7,2011,concrete,office
One First National Center,Omaha  ,193.3,2002,composite,office
345 Park Avenue,New York City  ,193.3,1969,steel,office
Leo Burnett Building,Chicago  ,193.6,1989,composite,office
One PPG Place,Pittsburgh  ,193.6,1984,steel,office
1 Dag Hammarskjold Plaza,New York City  ,194.2,1972,,office
155 North Wacker,Chicago  ,194.6,2009,composite,office
1 MiMA Tower,New York City  ,194.6,2011,concrete,residential / hotel
Four Seasons Hotel & Private Residences,Denver  ,194.8,2010,concrete,residential / hotel
1 New York Plaza,New York City  ,195.1,1969,steel,office
Porsche Design Tower,Sunny Isles Beach  ,195.4,2016,concrete,residential
Grand Plaza Apartments,Chicago  ,195.4,2003,concrete,residential
The Palazzo,Las Vegas  ,195.7,2007,composite,hotel
570 Lexington Avenue,New York City  ,196,1931,steel,office
Mansions at Acqualina,Sunny Isles Beach  ,196,2015,concrete,residential
River East Center,Chicago  ,196.3,2001,concrete,residential
1095 Avenue of the Americas,New York City  ,196.4,2007,steel,office
Thanksgiving Tower,Dallas  ,196.5,1982,,office
Lake Point Tower,Chicago  ,196.5,1968,concrete,residential
Millennium Tower,San Francisco  ,196.6,2009,concrete,residential
Two World Financial Center,New York City  ,196.6,1986,steel,office
55 East Erie,Chicago  ,197.2,2004,concrete,residential
550 Madison Avenue,New York City  ,197.3,1983,steel,office
Cityplex Central Tower,Tulsa  ,197.5,1979,,office
245 Park Avenue,New York City  ,197.5,1967,steel,office
Richard J. Daley Center,Chicago  ,197.5,1965,steel,office
Capital One Tower,New Orleans  ,197.6,1985,,office
Chanin Building,New York City  ,197.8,1929,steel,office
900 Biscayne Bay,Miami  ,198,2008,concrete,residential
712 5th Avenue,New York City  ,198.1,1990,steel,office
UBS Tower,Chicago  ,198.6,2001,composite,office
599 Lexington Avenue,New York City  ,199,1986,steel,office
Silver Towers East,New York City  ,199.2,2009,concrete,residential
Silver Towers West,New York City  ,199.2,2009,concrete,residential
One Wall Street,New York City  ,199.3,1932,steel,office
Wells Fargo Tower,Miami  ,199.5,2010,steel/concrete,office
1700 Pacific,Dallas  ,199.7,1983,,office
1180 Peachtree,Atlanta  ,200.2,2006,concrete,office
200 Public Square,Cleveland  ,200.6,1985,steel,office
Hearst Tower,Charlotte  ,200.8,2002,steel/concrete,office
First City Tower,Houston  ,201.8,1984,,office
Trump Tower,New York City  ,202.4,1982,concrete,residential / office
Sovereign,Atlanta  ,202.7,2008,concrete,residential / office
Great American Tower at Queen City Square,Cincinnati  ,202.7,2011,composite,office
BOK Tower,Tulsa  ,203.3,1975,steel,office
The Ritz-Carlton Los Angeles,Los Angeles  ,203.3,2010,steel,residential / hotel
77 West Wacker Drive,Chicago  ,203.6,1992,composite,office
33 South 6th Street,Minneapolis  ,203.6,1983,concrete,office
Paramount Plaza,New York City  ,204.2,1970,steel,office
340 on the Park,Chicago  ,204.9,2007,concrete,residential
One Magnificent Mile,Chicago  ,205.1,1983,concrete,residential / office
One Grand Central Place,New York City  ,205.1,1930,steel,office
Citigroup Building,New York City  ,205.1,1990,steel,office
Barclay Tower,New York City  ,205.1,2007,concrete,residential
McGraw-Hill Building,New York City  ,205.4,1972,steel,office
Sky,New York City  ,206,2015,concrete,residential
AT&T Building,Atlanta  ,206.4,1980,concrete,office
LyondellBassell Tower,Houston  ,206.8,1978,composite,office
71 South Wacker,Chicago  ,207.1,2005,composite,office
181 West Madison,Chicago  ,207.3,1990,composite,office
Millennium Tower,Boston  ,207.5,2016,concrete,residential
111 South Wacker,Chicago  ,207.6,2005,composite,office
Four Seasons Hotel,New York City  ,207.9,1993,concrete,hotel
The Austonian,Austin  ,208.2,2010,concrete,residential
Random House Tower,New York City  ,208.5,2003,steel,residential / office
Three Allen Center,Houston  ,208.8,1980,steel,office
1585 Broadway,New York City  ,208.8,1989,,office
Waldorf Astoria Chicago,Chicago  ,209,2009,concrete,residential / hotel
Trammel Crow Center,Dallas  ,209.1,1984,,office
55 Water Street,New York City  ,209.4,1972,steel,office
277 Park Avenue,New York City  ,209.4,1963,steel,office
Marine Midland Building,New York City  ,209.7,1967,steel,office
Solow Building,New York City  ,210,1974,steel,office
1400 Smith Street,Houston  ,210.5,1983,steel,office
Promenade II,Atlanta  ,210.6,1989,,office
Americas Tower,New York City  ,210.9,1992,steel,office
330 North Wabash,Chicago  ,211.8,1972,composite,office
345 California Center,San Francisco  ,211.8,1986,steel,hotel / office
500 Fifth Avenue,New York City  ,212.5,1931,steel,office
Georgia Pacific Tower,Atlanta  ,212.5,1981,steel,office
One Shell Square,New Orleans  ,212.5,1972,composite,office
Wells Fargo Center,Denver  ,212.8,1983,composite,office
City National Tower,Los Angeles  ,213.1,1971,steel,office
Paul Hastings Tower,Los Angeles  ,213.1,1971,steel,office
Jersey City Urby,Jersey City  ,213.5,2016,concrete,residential
Salesforce Tower,Indianapolis  ,213.7,1990,steel,office
Marquis,Miami  ,214,2009,concrete,residential / hotel
General Motors Building,New York City  ,214.9,1968,steel,office
JPMorgan Chase Tower,New York City  ,215.5,1960,steel,office
Terminal Tower,Cleveland  ,215.8,1928,steel,office
1801 California Plaza,Denver  ,216.1,1982,steel,office
Republic Plaza,Denver  ,217.6,1984,steel,office
One Shell Plaza,Houston  ,217.6,1970,concrete,office
252 East 57th Street,New York City  ,217.9,2016,concrete,residential
Metropolitan Tower,New York City  ,218.2,1985,concrete,residential / office
Figueroa at Wilshire,Los Angeles  ,218.5,1989,steel,office
Revel Resort and Casino,Atlantic City  ,218.9,2012,concrete,hotel / casino
Fountain Place,Dallas  ,219.5,1986,steel,office
Seattle Municipal Tower,Seattle  ,220.1,1990,steel,office
Westin Peachtree Plaza,Atlanta  ,220.4,1976,concrete,hotel
Wells Fargo Tower,Los Angeles  ,220.4,1983,steel,office
BNY Mellon Center,Pittsburgh  ,221,1983,steel,office
777 Tower,Los Angeles  ,221,1991,steel,office
Fulbright Tower,Houston  ,221,1982,composite,office
One Museum Park,Chicago  ,221.3,2009,concrete,residential
Times Square Tower,New York City  ,221.3,2004,steel,office
Detroit Marriott at the Renaissance Center,Detroit  ,221.5,1977,concrete,hotel
Olympia Centre,Chicago  ,222.9,1986,concrete,residential / office
1600 Smith Street,Houston  ,223.1,1984,steel,office
1540 Broadway,New York City  ,223.3,1990,,office
Bank of America Plaza,Los Angeles  ,224,1975,steel,office
JPMorgan Chase Tower,Dallas  ,225,1987,,office
Three World Financial Center,New York City  ,225.2,1986,steel,office
Three Logan,Philadelphia  ,225.3,1991,steel,office
Two Union Square,Seattle  ,225.6,1989,composite,office
Twenty Exchange,New York City  ,225.9,1931,steel,office
Centerpoint Energy Plaza,Houston  ,225.9,1996,steel,office
7 World Trade Center,New York City  ,226.5,2006,steel/concrete,office
One Liberty Plaza,New York City  ,226.5,1972,steel,office
Blue Cross-Blue Shield Tower,Chicago  ,226.7,2010,composite,office
60 Wall Street,New York City  ,227.1,1989,steel,office
One Astor Plaza,New York City  ,227.1,1972,composite,office
RSA Battle House Tower,Mobile  ,227.1,2007,steel/concrete,office
Time Warner Center North Tower,New York City  ,228.3,2004,concrete/steel,residential / hotel / office
Time Warner Center South Tower,New York City  ,228.3,2004,concrete/steel,residential / office
Deloitte,Los Angeles  ,228.3,1991,steel,office
Goldman Sachs Headquarters,New York City  ,228.3,2010,steel,office
One Penn Plaza,New York City  ,228.6,1972,steel,office
1251 Avenue of the Americas,New York City  ,228.6,1972,steel,office
Prudential Tower,Boston  ,228.6,1964,steel,office
Two California Plaza,Los Angeles  ,228.6,1992,steel,office
AXA Center,New York City  ,229.2,1985,steel,office
Courtyard & Residence Inn Manhattan/Central Park,New York City  ,229.6,2013,concrete,hotel
383 Madison Avenue,New York City  ,230.3,2001,steel,office
Enterprise Plaza,Houston  ,230.4,1980,composite,office
Grant Thornton Tower,Chicago  ,230.5,1992,composite,office
Carnegie Hall Tower,New York City  ,230.7,1991,concrete,office
Heritage Plaza,Houston  ,232.3,1987,steel,office
Southeast Financial Center,Miami  ,232.8,1983,composite,office
Three First National Plaza,Chicago  ,233.7,1981,composite,office
191 Peachtree Tower,Atlanta  ,234.7,1992,composite,office
1201 Third Avenue Tower,Seattle  ,235.3,1988,steel,office
Wells Fargo Center,Minneapolis  ,236.3,1988,composite,office
Capella Tower,Minneapolis  ,236.5,1992,composite,office
1 Worldwide Plaza,New York City  ,237.1,1989,steel,office
555 California Street,San Francisco  ,237.4,1969,steel,office
Bank of America Center,Houston  ,237.8,1983,steel,office
30 Hudson Street,Jersey City  ,238.1,2004,steel,office
300 North LaSalle,Chicago  ,239.1,2009,composite,office
Duke Energy Center,Charlotte  ,239.7,2010,concrete/steel,office
Comerica Bank Tower,Dallas  ,239.9,1987,composite,office
Four Seasons Hotel & Tower,Miami  ,240.4,2003,concrete,residential / hotel / office
200 Clarendon,Boston  ,240.8,1976,steel,office
BNY Mellon Bank Center,Philadelphia  ,241.4,1990,composite,office
Woolworth Building,New York City  ,241.4,1913,steel,office
IDS Center,Minneapolis  ,241.4,1973,composite,office
Bloomberg Tower,New York City  ,245.6,2004,concrete/steel,residential / office
MetLife Building,New York City  ,246.3,1963,steel,office
4 Times Square,New York City  ,246.5,1999,steel,office
28 Liberty,New York City  ,247.8,1961,steel,office / retail
CitySpire,New York City  ,248.1,1987,concrete,residential / office
The Legacy at Millennium Park,Chicago  ,249.3,2010,concrete,residential
One Atlantic Center,Atlanta  ,249.9,1987,composite,office
56 Leonard,New York City  ,250.2,2016,concrete,residential
U.S. Steel Tower,Pittsburgh  ,256.3,1970,steel,office
WTVR TV Tower,Richmond  ,257,1953,steel,
Devon Energy Center,Oklahoma City  ,257.2,2012,concrete,office
Park Tower,Chicago  ,257.4,2000,concrete,residential / hotel
Two Liberty Place,Philadelphia  ,258.5,1990,steel,residential / office
Comcast Building,New York City  ,259.1,1933,steel,office
Transamerica Pyramid Center,San Francisco  ,260,1972,composite,office
Aon Center,Los Angeles  ,261.5,1974,steel,office
Aqua at Lakeshore East,Chicago  ,261.8,2009,concrete,residential / hotel
Water Tower Place,Chicago  ,261.9,1976,concrete,residential / hotel / retail
Trump World Tower,New York City  ,262.4,2001,concrete,residential
SunTrust Plaza,Atlanta  ,264.3,1992,concrete,office
Chase Tower,Chicago  ,264.6,1969,steel,office
900 North Michigan Avenue,Chicago  ,265,1989,concrete/steel,residential / residential / office / hotel
Eight Spruce Street,New York City  ,265.2,2011,concrete,residential
Bank of America Corporate Center,Charlotte  ,265.5,1992,concrete,office
10 Hudson Yards,New York City  ,267.7,2016,composite,office / retail
Renaissance Tower,Dallas  ,270.1,1986,steel,office
Williams Tower,Houston  ,274.6,1982,steel,office
601 Lexington,New York City  ,278.9,1977,steel,office
Bank of America Plaza,Dallas  ,280.7,1985,composite,office
30 Park Place,New York City  ,282.2,2016,concrete,residential / hotel
The Trump Building,New York City  ,282.6,1930,steel,office
Columbia Center,Seattle  ,284.4,1984,composite,office
One Liberty Place,Philadelphia  ,288,1987,steel,office
Key Tower,Cleveland  ,288.7,1991,composite,office
70 Pine,New York City  ,290.2,1932,steel,office
Star Tower,Cincinnati  ,291.4,1991,steel,telecommunications
311 South Wacker Drive,Chicago  ,292.9,1990,concrete,office
Comcast Center,Philadelphia  ,296.7,2008,composite,office
4 World Trade Center,New York City  ,297.7,2014,composite,office
Sutro Tower,San Francisco  ,297.8,1973,steel,telecommunications
Wells Fargo Plaza,Houston  ,302.4,1983,steel,office
Two Prudential Plaza,Chicago  ,303.3,1990,concrete,office
JPMorgan Chase Tower,Houston  ,305.4,1982,composite,office
One57,New York City  ,306.1,2014,steel/concrete,residential / hotel
The Franklin - North Tower,Chicago  ,306.9,1989,composite,office
U.S. Bank Tower,Los Angeles  ,310.3,1990,steel,office
Bank of America Plaza,Atlanta  ,311.8,1992,composite,office
New York Times Tower,New York City  ,318.8,2007,steel,office
Chrysler Building,New York City  ,318.9,1930,steel,office
WITI TV Tower,Shorewood  ,329,1962,steel,telecommunications
875 North Michigan Avenue,Chicago  ,343.7,1969,steel,residential / office
Aon Center,Chicago  ,346.3,1973,steel,office
Stratosphere Tower,Las Vegas  ,350.2,1996,concrete,telecommunications
Bank of America Tower,New York City  ,365.8,2009,composite,office
Empire State Building,New York City  ,381,1931,steel,office
Trump International Hotel & Tower,Chicago  ,423.2,2009,concrete,residential / hotel
432 Park Avenue,New York City  ,425.5,2015,concrete,residential
Willis Tower,Chicago  ,442.1,1974,steel,office
One World Trade Center,New York City  ,541.3,2014,composite,office